1	Алина	_	_	_	_	_	_	_	words@tt1991m#@tt1991m#656.24#656.558
2	мне	_	_	_	_	_	_	_	words@tt1991m#@tt1991m#656.558#656.876
3	позвонила	_	_	_	_	_	_	_	words@tt1991m#@tt1991m#656.876#657.194
4	/	_	_	_	_	_	_	_	words@tt1991m#@tt1991m#657.194#657.512
5	эээ	_	_	_	_	_	_	_	words@tt1991m#@tt1991m#657.512#657.83
6	/	_	_	_	_	_	_	_	words@tt1991m#@tt1991m#657.83#658.148
7	/	_	_	_	_	_	_	_	words@tt1991m#@tt1991m#658.148#658.47
8	Да	_	_	_	_	_	_	_	words@tt1991m#@tt1991m#659.725#659.991
9	а	_	_	_	_	_	_	_	words@tt1991m#@tt1991m#659.991#660.257
10	я	_	_	_	_	_	_	_	words@tt1991m#@tt1991m#660.257#660.523
11	по-русскому	_	_	_	_	_	_	_	words@tt1991m#@tt1991m#660.523#660.789
12	говорю	_	_	_	_	_	_	_	words@tt1991m#@tt1991m#660.789#661.055
13	/	_	_	_	_	_	_	_	words@tt1991m#@tt1991m#661.055#661.321
14	она...	_	_	_	_	_	_	_	words@tt1991m#@tt1991m#661.321#661.587
15	они	_	_	_	_	_	_	_	words@tt1991m#@tt1991m#661.587#661.853
16	не	_	_	_	_	_	_	_	words@tt1991m#@tt1991m#661.853#662.119
17	знали	_	_	_	_	_	_	_	words@tt1991m#@tt1991m#662.119#662.385
18	что	_	_	_	_	_	_	_	words@tt1991m#@tt1991m#662.385#662.651
19	я	_	_	_	_	_	_	_	words@tt1991m#@tt1991m#662.651#662.917
20	по-русскому	_	_	_	_	_	_	_	words@tt1991m#@tt1991m#662.917#663.183
21	умею	_	_	_	_	_	_	_	words@tt1991m#@tt1991m#663.183#663.449
22	говорить	_	_	_	_	_	_	_	words@tt1991m#@tt1991m#663.449#663.715
23	/	_	_	_	_	_	_	_	words@tt1991m#@tt1991m#663.715#663.981
24	/	_	_	_	_	_	_	_	words@tt1991m#@tt1991m#663.981#664.255
25	Да	_	_	_	_	_	_	_	words@tt1991m#@tt1991m#666.405#666.576
26	/	_	_	_	_	_	_	_	words@tt1991m#@tt1991m#666.576#666.747
27	/	_	_	_	_	_	_	_	words@tt1991m#@tt1991m#666.747#666.92
28	Да	_	_	_	_	_	_	_	words@tt1991m#@tt1991m#667.445#667.553
29	/	_	_	_	_	_	_	_	words@tt1991m#@tt1991m#667.553#667.661
30	/	_	_	_	_	_	_	_	words@tt1991m#@tt1991m#667.661#667.77
31	Да	_	_	_	_	_	_	_	words@tt1991m#@tt1991m#668.525#668.691
32	/	_	_	_	_	_	_	_	words@tt1991m#@tt1991m#668.691#668.857
33	/	_	_	_	_	_	_	_	words@tt1991m#@tt1991m#668.857#669.025
34	Нет	_	_	_	_	_	_	_	words@tt1991m#@tt1991m#671.865#672.098
35	/	_	_	_	_	_	_	_	words@tt1991m#@tt1991m#672.098#672.331
36	я	_	_	_	_	_	_	_	words@tt1991m#@tt1991m#672.331#672.564
37	реально	_	_	_	_	_	_	_	words@tt1991m#@tt1991m#672.564#672.797
38	я	_	_	_	_	_	_	_	words@tt1991m#@tt1991m#672.797#673.03
39	/	_	_	_	_	_	_	_	words@tt1991m#@tt1991m#673.03#673.263
40	с	_	_	_	_	_	_	_	words@tt1991m#@tt1991m#673.263#673.496
41	этого	_	_	_	_	_	_	_	words@tt1991m#@tt1991m#673.496#673.729
42	момента	_	_	_	_	_	_	_	words@tt1991m#@tt1991m#673.729#673.962
43	никогда	_	_	_	_	_	_	_	words@tt1991m#@tt1991m#673.962#674.195
44	так	_	_	_	_	_	_	_	words@tt1991m#@tt1991m#674.195#674.428
45	не	_	_	_	_	_	_	_	words@tt1991m#@tt1991m#674.428#674.661
46	пил	_	_	_	_	_	_	_	words@tt1991m#@tt1991m#674.661#674.894
47	больше	_	_	_	_	_	_	_	words@tt1991m#@tt1991m#674.894#675.127
48	/	_	_	_	_	_	_	_	words@tt1991m#@tt1991m#675.127#675.36
49	/	_	_	_	_	_	_	_	words@tt1991m#@tt1991m#675.36#675.598
50	Я	_	_	_	_	_	_	_	words@tt1991m#@tt1991m#675.6#675.895
51	на	_	_	_	_	_	_	_	words@tt1991m#@tt1991m#675.895#676.19
52	автобус	_	_	_	_	_	_	_	words@tt1991m#@tt1991m#676.19#676.485
53	и	_	_	_	_	_	_	_	words@tt1991m#@tt1991m#676.485#676.78
54	я	_	_	_	_	_	_	_	words@tt1991m#@tt1991m#676.78#677.075
55	вырубился	_	_	_	_	_	_	_	words@tt1991m#@tt1991m#677.075#677.37
56	и	_	_	_	_	_	_	_	words@tt1991m#@tt1991m#677.37#677.665
57	следующий	_	_	_	_	_	_	_	words@tt1991m#@tt1991m#677.665#677.96
58	момент	_	_	_	_	_	_	_	words@tt1991m#@tt1991m#677.96#678.255
59	я	_	_	_	_	_	_	_	words@tt1991m#@tt1991m#678.255#678.55
60	встаю	_	_	_	_	_	_	_	words@tt1991m#@tt1991m#678.55#678.845
61	уже	_	_	_	_	_	_	_	words@tt1991m#@tt1991m#678.845#679.14
62	эээ	_	_	_	_	_	_	_	words@tt1991m#@tt1991m#679.14#679.435
63	так	_	_	_	_	_	_	_	words@tt1991m#@tt1991m#679.435#679.73
64	типа	_	_	_	_	_	_	_	words@tt1991m#@tt1991m#679.73#680.025
65	ну	_	_	_	_	_	_	_	words@tt1991m#@tt1991m#680.025#680.32
66	в	_	_	_	_	_	_	_	words@tt1991m#@tt1991m#680.32#680.615
67	Эстонии	_	_	_	_	_	_	_	words@tt1991m#@tt1991m#680.615#680.91
68	/	_	_	_	_	_	_	_	words@tt1991m#@tt1991m#680.91#681.205
69	/	_	_	_	_	_	_	_	words@tt1991m#@tt1991m#681.205#681.51
70	Хреновуху	_	_	_	_	_	_	_	words@tt1991m#@tt1991m#684.512#684.768
71	/	_	_	_	_	_	_	_	words@tt1991m#@tt1991m#684.768#685.024
72	да	_	_	_	_	_	_	_	words@tt1991m#@tt1991m#685.024#685.28
73	/	_	_	_	_	_	_	_	words@tt1991m#@tt1991m#685.28#685.536
74	/	_	_	_	_	_	_	_	words@tt1991m#@tt1991m#685.536#685.792
75	А	_	_	_	_	_	_	_	words@tt1991m#@tt1991m#685.932#686.166
76	мы	_	_	_	_	_	_	_	words@tt1991m#@tt1991m#686.166#686.4
77	еще	_	_	_	_	_	_	_	words@tt1991m#@tt1991m#686.4#686.634
78	с	_	_	_	_	_	_	_	words@tt1991m#@tt1991m#686.634#686.868
79	Ильичом	_	_	_	_	_	_	_	words@tt1991m#@tt1991m#686.868#687.102
80	еще	_	_	_	_	_	_	_	words@tt1991m#@tt1991m#687.102#687.336
81	такие	_	_	_	_	_	_	_	words@tt1991m#@tt1991m#687.336#687.57
82	ну	_	_	_	_	_	_	_	words@tt1991m#@tt1991m#687.57#687.804
83	мы	_	_	_	_	_	_	_	words@tt1991m#@tt1991m#687.804#688.038
84	пришли	_	_	_	_	_	_	_	words@tt1991m#@tt1991m#688.038#688.272
85	/	_	_	_	_	_	_	_	words@tt1991m#@tt1991m#688.272#688.506
86	мы	_	_	_	_	_	_	_	words@tt1991m#@tt1991m#688.506#688.74
87	все	_	_	_	_	_	_	_	words@tt1991m#@tt1991m#688.74#688.974
88	были	_	_	_	_	_	_	_	words@tt1991m#@tt1991m#688.974#689.208
89	в	_	_	_	_	_	_	_	words@tt1991m#@tt1991m#689.208#689.442
90	баре	_	_	_	_	_	_	_	words@tt1991m#@tt1991m#689.442#689.676
91	вместе	_	_	_	_	_	_	_	words@tt1991m#@tt1991m#689.676#689.91
92	пришли	_	_	_	_	_	_	_	words@tt1991m#@tt1991m#689.91#690.144
93	назад	_	_	_	_	_	_	_	words@tt1991m#@tt1991m#690.144#690.378
94	/	_	_	_	_	_	_	_	words@tt1991m#@tt1991m#690.378#690.612
95	/	_	_	_	_	_	_	_	words@tt1991m#@tt1991m#690.612#690.852
96	Еще	_	_	_	_	_	_	_	words@tt1991m#@tt1991m#691.822#692.132
97	пошли	_	_	_	_	_	_	_	words@tt1991m#@tt1991m#692.132#692.442
98	с	_	_	_	_	_	_	_	words@tt1991m#@tt1991m#692.442#692.752
99	Ильичем	_	_	_	_	_	_	_	words@tt1991m#@tt1991m#692.752#693.062
100	отдельно	_	_	_	_	_	_	_	words@tt1991m#@tt1991m#693.062#693.372
101	/	_	_	_	_	_	_	_	words@tt1991m#@tt1991m#693.372#693.682
102	еще	_	_	_	_	_	_	_	words@tt1991m#@tt1991m#693.682#693.992
103	взяли	_	_	_	_	_	_	_	words@tt1991m#@tt1991m#693.992#694.302
104	по	_	_	_	_	_	_	_	words@tt1991m#@tt1991m#694.302#694.612
105	рюмочке	_	_	_	_	_	_	_	words@tt1991m#@tt1991m#694.612#694.922
106	/	_	_	_	_	_	_	_	words@tt1991m#@tt1991m#694.922#695.232
107	/	_	_	_	_	_	_	_	words@tt1991m#@tt1991m#695.232#695.542
108	Здесь	_	_	_	_	_	_	_	words@tt1991m#@tt1991m#697.602#698.011
109	секьюрити	_	_	_	_	_	_	_	words@tt1991m#@tt1991m#698.011#698.42
110	/	_	_	_	_	_	_	_	words@tt1991m#@tt1991m#698.42#698.829
111	достаточно	_	_	_	_	_	_	_	words@tt1991m#@tt1991m#698.829#699.238
112	/	_	_	_	_	_	_	_	words@tt1991m#@tt1991m#699.238#699.647
113	ну	_	_	_	_	_	_	_	words@tt1991m#@tt1991m#699.647#700.056
114	/	_	_	_	_	_	_	_	words@tt1991m#@tt1991m#700.056#700.465
115	серьезная	_	_	_	_	_	_	_	words@tt1991m#@tt1991m#700.465#700.874
116	/	_	_	_	_	_	_	_	words@tt1991m#@tt1991m#700.874#701.283
117	/	_	_	_	_	_	_	_	words@tt1991m#@tt1991m#701.283#701.692
118	Что	_	_	_	_	_	_	_	words@tt1991m#@tt1991m#702.3#702.542
119	у	_	_	_	_	_	_	_	words@tt1991m#@tt1991m#702.542#702.784
120	нас	_	_	_	_	_	_	_	words@tt1991m#@tt1991m#702.784#703.026
121	типа	_	_	_	_	_	_	_	words@tt1991m#@tt1991m#703.026#703.268
122	/	_	_	_	_	_	_	_	words@tt1991m#@tt1991m#703.268#703.51
123	я	_	_	_	_	_	_	_	words@tt1991m#@tt1991m#703.51#703.752
124	не	_	_	_	_	_	_	_	words@tt1991m#@tt1991m#703.752#703.994
125	знаю	_	_	_	_	_	_	_	words@tt1991m#@tt1991m#703.994#704.236
126	/	_	_	_	_	_	_	_	words@tt1991m#@tt1991m#704.236#704.478
127	может	_	_	_	_	_	_	_	words@tt1991m#@tt1991m#704.478#704.72
128	у	_	_	_	_	_	_	_	words@tt1991m#@tt1991m#704.72#704.962
129	нас	_	_	_	_	_	_	_	words@tt1991m#@tt1991m#704.962#705.204
130	типа	_	_	_	_	_	_	_	words@tt1991m#@tt1991m#705.204#705.446
131	пятнадцать	_	_	_	_	_	_	_	words@tt1991m#@tt1991m#705.446#705.688
132	минут	_	_	_	_	_	_	_	words@tt1991m#@tt1991m#705.688#705.93
133	есть	_	_	_	_	_	_	_	words@tt1991m#@tt1991m#705.93#706.172
134	время	_	_	_	_	_	_	_	words@tt1991m#@tt1991m#706.172#706.414
135	/	_	_	_	_	_	_	_	words@tt1991m#@tt1991m#706.414#706.656
136	/	_	_	_	_	_	_	_	words@tt1991m#@tt1991m#706.656#706.9
137	Пятнадцать	_	_	_	_	_	_	_	words@tt1991m#@tt1991m#707.49#707.728
138	/	_	_	_	_	_	_	_	words@tt1991m#@tt1991m#707.728#707.966
139	может	_	_	_	_	_	_	_	words@tt1991m#@tt1991m#707.966#708.204
140	десять	_	_	_	_	_	_	_	words@tt1991m#@tt1991m#708.204#708.442
141	/	_	_	_	_	_	_	_	words@tt1991m#@tt1991m#708.442#708.68
142	может	_	_	_	_	_	_	_	words@tt1991m#@tt1991m#708.68#708.918
143	пять	_	_	_	_	_	_	_	words@tt1991m#@tt1991m#708.918#709.156
144	/	_	_	_	_	_	_	_	words@tt1991m#@tt1991m#709.156#709.394
145	/	_	_	_	_	_	_	_	words@tt1991m#@tt1991m#709.394#709.64
146	Не	_	_	_	_	_	_	_	words@tt1991m#@tt1991m#710.06#710.296
147	знаю	_	_	_	_	_	_	_	words@tt1991m#@tt1991m#710.296#710.532
148	как	_	_	_	_	_	_	_	words@tt1991m#@tt1991m#710.532#710.768
149	повезет	_	_	_	_	_	_	_	words@tt1991m#@tt1991m#710.768#711.004
150	/	_	_	_	_	_	_	_	words@tt1991m#@tt1991m#711.004#711.24
151	/	_	_	_	_	_	_	_	words@tt1991m#@tt1991m#711.24#711.48
152	Да	_	_	_	_	_	_	_	words@tt1991m#@tt1991m#720.93#721.24
153	/	_	_	_	_	_	_	_	words@tt1991m#@tt1991m#721.24#721.55
154	он	_	_	_	_	_	_	_	words@tt1991m#@tt1991m#721.55#721.86
155	такой	_	_	_	_	_	_	_	words@tt1991m#@tt1991m#721.86#722.17
156	/	_	_	_	_	_	_	_	words@tt1991m#@tt1991m#722.17#722.48
157	всегда	_	_	_	_	_	_	_	words@tt1991m#@tt1991m#722.48#722.79
158	был	_	_	_	_	_	_	_	words@tt1991m#@tt1991m#722.79#723.1
159	/	_	_	_	_	_	_	_	words@tt1991m#@tt1991m#723.1#723.41
160	дэд	_	_	_	_	_	_	_	words@tt1991m#@tt1991m#723.41#723.72
161	/	_	_	_	_	_	_	_	words@tt1991m#@tt1991m#723.72#724.03
162	дэ...	_	_	_	_	_	_	_	words@tt1991m#@tt1991m#724.03#724.34
163	дэд	_	_	_	_	_	_	_	words@tt1991m#@tt1991m#724.34#724.65
164	довольно	_	_	_	_	_	_	_	words@tt1991m#@tt1991m#724.65#724.96
165	район	_	_	_	_	_	_	_	words@tt1991m#@tt1991m#724.96#725.27
166	такой	_	_	_	_	_	_	_	words@tt1991m#@tt1991m#725.27#725.58
167	очень	_	_	_	_	_	_	_	words@tt1991m#@tt1991m#725.58#725.89
168	junkie	_	_	_	_	_	_	_	words@tt1991m#@tt1991m#725.89#726.2
169	shit	_	_	_	_	_	_	_	words@tt1991m#@tt1991m#726.2#726.51
170	/	_	_	_	_	_	_	_	words@tt1991m#@tt1991m#726.51#726.82
171	/	_	_	_	_	_	_	_	words@tt1991m#@tt1991m#726.82#727.13
172	Вот	_	_	_	_	_	_	_	words@tt1991m#@tt1991m#728.23#728.623
173	/	_	_	_	_	_	_	_	words@tt1991m#@tt1991m#728.623#729.016
174	/	_	_	_	_	_	_	_	words@tt1991m#@tt1991m#729.016#729.41
175	Да	_	_	_	_	_	_	_	words@tt1991m#@tt1991m#734.6#734.846
176	/	_	_	_	_	_	_	_	words@tt1991m#@tt1991m#734.846#735.092
177	/	_	_	_	_	_	_	_	words@tt1991m#@tt1991m#735.092#735.34
178	Пика-пика	_	_	_	_	_	_	_	words@tt1991m#@tt1991m#743.605#743.907
179	/	_	_	_	_	_	_	_	words@tt1991m#@tt1991m#743.907#744.209
180	грх	_	_	_	_	_	_	_	words@tt1991m#@tt1991m#744.209#744.511
181	/	_	_	_	_	_	_	_	words@tt1991m#@tt1991m#744.511#744.813
182	/	_	_	_	_	_	_	_	words@tt1991m#@tt1991m#744.813#745.115
183	Да	_	_	_	_	_	_	_	words@tt1991m#@tt1991m#746.62#746.903
184	/	_	_	_	_	_	_	_	words@tt1991m#@tt1991m#746.903#747.186
185	да	_	_	_	_	_	_	_	words@tt1991m#@tt1991m#747.186#747.469
186	/	_	_	_	_	_	_	_	words@tt1991m#@tt1991m#747.469#747.752
187	но	_	_	_	_	_	_	_	words@tt1991m#@tt1991m#747.752#748.035
188	уже	_	_	_	_	_	_	_	words@tt1991m#@tt1991m#748.035#748.318
189	нету	_	_	_	_	_	_	_	words@tt1991m#@tt1991m#748.318#748.601
190	потому	_	_	_	_	_	_	_	words@tt1991m#@tt1991m#748.601#748.884
191	что	_	_	_	_	_	_	_	words@tt1991m#@tt1991m#748.884#749.167
192	здесь	_	_	_	_	_	_	_	words@tt1991m#@tt1991m#749.167#749.45
193	а	_	_	_	_	_	_	_	words@tt1991m#@tt1991m#749.45#749.733
194	/	_	_	_	_	_	_	_	words@tt1991m#@tt1991m#749.733#750.016
195	здесь	_	_	_	_	_	_	_	words@tt1991m#@tt1991m#750.016#750.299
196	дохуя	_	_	_	_	_	_	_	words@tt1991m#@tt1991m#750.299#750.582
197	больше	_	_	_	_	_	_	_	words@tt1991m#@tt1991m#750.582#750.865
198	домов	_	_	_	_	_	_	_	words@tt1991m#@tt1991m#750.865#751.148
199	было	_	_	_	_	_	_	_	words@tt1991m#@tt1991m#751.148#751.431
200	/	_	_	_	_	_	_	_	words@tt1991m#@tt1991m#751.431#751.714
201	/	_	_	_	_	_	_	_	words@tt1991m#@tt1991m#751.714#752.0
202	Вот	_	_	_	_	_	_	_	words@tt1991m#@tt1991m#752.35#752.599
203	да	_	_	_	_	_	_	_	words@tt1991m#@tt1991m#752.599#752.848
204	/	_	_	_	_	_	_	_	words@tt1991m#@tt1991m#752.848#753.097
205	видишь	_	_	_	_	_	_	_	words@tt1991m#@tt1991m#753.097#753.346
206	вот	_	_	_	_	_	_	_	words@tt1991m#@tt1991m#753.346#753.595
207	это	_	_	_	_	_	_	_	words@tt1991m#@tt1991m#753.595#753.844
208	всё	_	_	_	_	_	_	_	words@tt1991m#@tt1991m#753.844#754.093
209	всё	_	_	_	_	_	_	_	words@tt1991m#@tt1991m#754.093#754.342
210	они	_	_	_	_	_	_	_	words@tt1991m#@tt1991m#754.342#754.591
211	все	_	_	_	_	_	_	_	words@tt1991m#@tt1991m#754.591#754.84
212	были	_	_	_	_	_	_	_	words@tt1991m#@tt1991m#754.84#755.089
213	вот	_	_	_	_	_	_	_	words@tt1991m#@tt1991m#755.089#755.338
214	/	_	_	_	_	_	_	_	words@tt1991m#@tt1991m#755.338#755.587
215	э	_	_	_	_	_	_	_	words@tt1991m#@tt1991m#755.587#755.836
216	ну	_	_	_	_	_	_	_	words@tt1991m#@tt1991m#755.836#756.085
217	застроены	_	_	_	_	_	_	_	words@tt1991m#@tt1991m#756.085#756.334
218	вот	_	_	_	_	_	_	_	words@tt1991m#@tt1991m#756.334#756.583
219	такими	_	_	_	_	_	_	_	words@tt1991m#@tt1991m#756.583#756.832
220	же	_	_	_	_	_	_	_	words@tt1991m#@tt1991m#756.832#757.081
221	домами	_	_	_	_	_	_	_	words@tt1991m#@tt1991m#757.081#757.33
222	/	_	_	_	_	_	_	_	words@tt1991m#@tt1991m#757.33#757.579
223	/	_	_	_	_	_	_	_	words@tt1991m#@tt1991m#757.579#757.83
224	Ай	_	_	_	_	_	_	_	words@tt1991m#@tt1991m#759.4#759.718
225	/	_	_	_	_	_	_	_	words@tt1991m#@tt1991m#759.718#760.036
226	чувак	_	_	_	_	_	_	_	words@tt1991m#@tt1991m#760.036#760.354
227	/	_	_	_	_	_	_	_	words@tt1991m#@tt1991m#760.354#760.672
228	вот	_	_	_	_	_	_	_	words@tt1991m#@tt1991m#760.672#760.99
229	здесь	_	_	_	_	_	_	_	words@tt1991m#@tt1991m#760.99#761.308
230	мы	_	_	_	_	_	_	_	words@tt1991m#@tt1991m#761.308#761.626
231	проезжали	_	_	_	_	_	_	_	words@tt1991m#@tt1991m#761.626#761.944
232	где-то	_	_	_	_	_	_	_	words@tt1991m#@tt1991m#761.944#762.262
233	там	_	_	_	_	_	_	_	words@tt1991m#@tt1991m#762.262#762.58
234	походу	_	_	_	_	_	_	_	words@tt1991m#@tt1991m#762.58#762.898
235	есть	_	_	_	_	_	_	_	words@tt1991m#@tt1991m#762.898#763.216
236	где-то	_	_	_	_	_	_	_	words@tt1991m#@tt1991m#763.216#763.534
237	да	_	_	_	_	_	_	_	words@tt1991m#@tt1991m#763.534#763.852
238	/	_	_	_	_	_	_	_	words@tt1991m#@tt1991m#763.852#764.17
239	/	_	_	_	_	_	_	_	words@tt1991m#@tt1991m#764.17#764.5
240	Уже	_	_	_	_	_	_	_	words@tt1991m#@tt1991m#765.15#765.401
241	сносено	_	_	_	_	_	_	_	words@tt1991m#@tt1991m#765.401#765.652
242	/	_	_	_	_	_	_	_	words@tt1991m#@tt1991m#765.652#765.903
243	да	_	_	_	_	_	_	_	words@tt1991m#@tt1991m#765.903#766.154
244	/	_	_	_	_	_	_	_	words@tt1991m#@tt1991m#766.154#766.405
245	ну	_	_	_	_	_	_	_	words@tt1991m#@tt1991m#766.405#766.656
246	/	_	_	_	_	_	_	_	words@tt1991m#@tt1991m#766.656#766.907
247	/	_	_	_	_	_	_	_	words@tt1991m#@tt1991m#766.907#767.16
248	#всхлип#	_	_	_	_	_	_	_	words@tt1991m#@tt1991m#768.385#768.658
249	Не	_	_	_	_	_	_	_	words@tt1991m#@tt1991m#768.658#768.931
250	/	_	_	_	_	_	_	_	words@tt1991m#@tt1991m#768.931#769.204
251	Каша	_	_	_	_	_	_	_	words@tt1991m#@tt1991m#769.204#769.477
252	еще	_	_	_	_	_	_	_	words@tt1991m#@tt1991m#769.477#769.75
253	не	_	_	_	_	_	_	_	words@tt1991m#@tt1991m#769.75#770.023
254	было	_	_	_	_	_	_	_	words@tt1991m#@tt1991m#770.023#770.296
255	тогда	_	_	_	_	_	_	_	words@tt1991m#@tt1991m#770.296#770.569
256	/	_	_	_	_	_	_	_	words@tt1991m#@tt1991m#770.569#770.842
257	/	_	_	_	_	_	_	_	words@tt1991m#@tt1991m#770.842#771.115
258	Нинтендо-бой	_	_	_	_	_	_	_	words@tt1991m#@tt1991m#772.41#772.762
259	/	_	_	_	_	_	_	_	words@tt1991m#@tt1991m#772.762#773.114
260	до	_	_	_	_	_	_	_	words@tt1991m#@tt1991m#773.114#773.466
261	этого	_	_	_	_	_	_	_	words@tt1991m#@tt1991m#773.466#773.818
262	супер-Марио	_	_	_	_	_	_	_	words@tt1991m#@tt1991m#773.818#774.17
263	тоже	_	_	_	_	_	_	_	words@tt1991m#@tt1991m#774.17#774.522
264	был	_	_	_	_	_	_	_	words@tt1991m#@tt1991m#774.522#774.874
265	/	_	_	_	_	_	_	_	words@tt1991m#@tt1991m#774.874#775.226
266	/	_	_	_	_	_	_	_	words@tt1991m#@tt1991m#775.226#775.58
267	Третью	_	_	_	_	_	_	_	words@tt1991m#@tt1991m#775.695#775.943
268	я	_	_	_	_	_	_	_	words@tt1991m#@tt1991m#775.943#776.191
269	проходил	_	_	_	_	_	_	_	words@tt1991m#@tt1991m#776.191#776.439
270	очень	_	_	_	_	_	_	_	words@tt1991m#@tt1991m#776.439#776.687
271	много	_	_	_	_	_	_	_	words@tt1991m#@tt1991m#776.687#776.935
272	/	_	_	_	_	_	_	_	words@tt1991m#@tt1991m#776.935#777.183
273	/	_	_	_	_	_	_	_	words@tt1991m#@tt1991m#777.183#777.435
274	Супер	_	_	_	_	_	_	_	words@tt1991m#@tt1991m#778.165#778.423
275	Марио	_	_	_	_	_	_	_	words@tt1991m#@tt1991m#778.423#778.681
276	Три	_	_	_	_	_	_	_	words@tt1991m#@tt1991m#778.681#778.939
277	где	_	_	_	_	_	_	_	words@tt1991m#@tt1991m#778.939#779.197
278	еще	_	_	_	_	_	_	_	words@tt1991m#@tt1991m#779.197#779.455
279	он	_	_	_	_	_	_	_	words@tt1991m#@tt1991m#779.455#779.713
280	может	_	_	_	_	_	_	_	words@tt1991m#@tt1991m#779.713#779.971
281	костюмы	_	_	_	_	_	_	_	words@tt1991m#@tt1991m#779.971#780.229
282	получать	_	_	_	_	_	_	_	words@tt1991m#@tt1991m#780.229#780.487
283	и	_	_	_	_	_	_	_	words@tt1991m#@tt1991m#780.487#780.745
284	летать	_	_	_	_	_	_	_	words@tt1991m#@tt1991m#780.745#781.003
285	и	_	_	_	_	_	_	_	words@tt1991m#@tt1991m#781.003#781.261
286	где	_	_	_	_	_	_	_	words@tt1991m#@tt1991m#781.261#781.519
287	еще	_	_	_	_	_	_	_	words@tt1991m#@tt1991m#781.519#781.777
288	хвостик	_	_	_	_	_	_	_	words@tt1991m#@tt1991m#781.777#782.035
289	да	_	_	_	_	_	_	_	words@tt1991m#@tt1991m#782.035#782.293
290	/	_	_	_	_	_	_	_	words@tt1991m#@tt1991m#782.293#782.551
291	/	_	_	_	_	_	_	_	words@tt1991m#@tt1991m#782.551#782.825
292	Да	_	_	_	_	_	_	_	words@tt1991m#@tt1991m#787.792#788.029
293	/	_	_	_	_	_	_	_	words@tt1991m#@tt1991m#788.029#788.266
294	но	_	_	_	_	_	_	_	words@tt1991m#@tt1991m#788.266#788.503
295	это	_	_	_	_	_	_	_	words@tt1991m#@tt1991m#788.503#788.74
296	было	_	_	_	_	_	_	_	words@tt1991m#@tt1991m#788.74#788.977
297	всё	_	_	_	_	_	_	_	words@tt1991m#@tt1991m#788.977#789.214
298	везде	_	_	_	_	_	_	_	words@tt1991m#@tt1991m#789.214#789.451
299	типа	_	_	_	_	_	_	_	words@tt1991m#@tt1991m#789.451#789.688
300	вокруг	_	_	_	_	_	_	_	words@tt1991m#@tt1991m#789.688#789.925
301	да	_	_	_	_	_	_	_	words@tt1991m#@tt1991m#789.925#790.162
302	/	_	_	_	_	_	_	_	words@tt1991m#@tt1991m#790.162#790.399
303	/	_	_	_	_	_	_	_	words@tt1991m#@tt1991m#790.399#790.637
304	Прикинь	_	_	_	_	_	_	_	words@tt1991m#@tt1991m#790.637#790.953
305	секьюрити	_	_	_	_	_	_	_	words@tt1991m#@tt1991m#790.953#791.269
306	такое	_	_	_	_	_	_	_	words@tt1991m#@tt1991m#791.269#791.585
307	/	_	_	_	_	_	_	_	words@tt1991m#@tt1991m#791.585#791.901
308	/	_	_	_	_	_	_	_	words@tt1991m#@tt1991m#791.901#792.217
309	Пиздец	_	_	_	_	_	_	_	words@tt1991m#@tt1991m#794.777#795.557
310	#смех#	_	_	_	_	_	_	_	words@tt1991m#@tt1991m#795.557#796.337
311	Ну	_	_	_	_	_	_	_	words@tt1991m#@tt1991m#796.337#796.58
312	он	_	_	_	_	_	_	_	words@tt1991m#@tt1991m#796.58#796.823
313	такой	_	_	_	_	_	_	_	words@tt1991m#@tt1991m#796.823#797.066
314	пимп	_	_	_	_	_	_	_	words@tt1991m#@tt1991m#797.066#797.309
315	чувак	_	_	_	_	_	_	_	words@tt1991m#@tt1991m#797.309#797.552
316	/	_	_	_	_	_	_	_	words@tt1991m#@tt1991m#797.552#797.795
317	ну	_	_	_	_	_	_	_	words@tt1991m#@tt1991m#797.795#798.038
318	у	_	_	_	_	_	_	_	words@tt1991m#@tt1991m#798.038#798.281
319	него	_	_	_	_	_	_	_	words@tt1991m#@tt1991m#798.281#798.524
320	походу	_	_	_	_	_	_	_	words@tt1991m#@tt1991m#798.524#798.767
321	он	_	_	_	_	_	_	_	words@tt1991m#@tt1991m#798.767#799.01
322	щас	_	_	_	_	_	_	_	words@tt1991m#@tt1991m#799.01#799.253
323	больше	_	_	_	_	_	_	_	words@tt1991m#@tt1991m#799.253#799.496
324	пимп	_	_	_	_	_	_	_	words@tt1991m#@tt1991m#799.496#799.739
325	да	_	_	_	_	_	_	_	words@tt1991m#@tt1991m#799.739#799.982
326	чем	_	_	_	_	_	_	_	words@tt1991m#@tt1991m#799.982#800.225
327	раньше	_	_	_	_	_	_	_	words@tt1991m#@tt1991m#800.225#800.468
328	еще	_	_	_	_	_	_	_	words@tt1991m#@tt1991m#800.468#800.711
329	был	_	_	_	_	_	_	_	words@tt1991m#@tt1991m#800.711#800.954
330	/	_	_	_	_	_	_	_	words@tt1991m#@tt1991m#800.954#801.197
331	/	_	_	_	_	_	_	_	words@tt1991m#@tt1991m#801.197#801.44
332	#смех#	_	_	_	_	_	_	_	words@tt1991m#@tt1991m#802.358#802.698
333	For	_	_	_	_	_	_	_	words@tt1991m#@tt1991m#802.698#803.038
334	sure	_	_	_	_	_	_	_	words@tt1991m#@tt1991m#803.038#803.378
335	/	_	_	_	_	_	_	_	words@tt1991m#@tt1991m#803.378#803.718
336	/	_	_	_	_	_	_	_	words@tt1991m#@tt1991m#803.718#804.058
337	Камон	_	_	_	_	_	_	_	words@tt1991m#@tt1991m#804.563#805.069
338	#смех#	_	_	_	_	_	_	_	words@tt1991m#@tt1991m#805.069#805.575
339	/	_	_	_	_	_	_	_	words@tt1991m#@tt1991m#805.575#806.081
340	/	_	_	_	_	_	_	_	words@tt1991m#@tt1991m#806.081#806.589
341	Столько	_	_	_	_	_	_	_	words@tt1991m#@tt1991m#808.354#808.567
342	же	_	_	_	_	_	_	_	words@tt1991m#@tt1991m#808.567#808.78
343	много	_	_	_	_	_	_	_	words@tt1991m#@tt1991m#808.78#808.993
344	/	_	_	_	_	_	_	_	words@tt1991m#@tt1991m#808.993#809.206
345	можно	_	_	_	_	_	_	_	words@tt1991m#@tt1991m#809.206#809.419
346	придумать	_	_	_	_	_	_	_	words@tt1991m#@tt1991m#809.419#809.632
347	/	_	_	_	_	_	_	_	words@tt1991m#@tt1991m#809.632#809.845
348	/	_	_	_	_	_	_	_	words@tt1991m#@tt1991m#809.845#810.065
349	Жесть	_	_	_	_	_	_	_	words@tt1991m#@tt1991m#812.708#813.013
350	#смех#	_	_	_	_	_	_	_	words@tt1991m#@tt1991m#813.013#813.318
351	/	_	_	_	_	_	_	_	words@tt1991m#@tt1991m#813.318#813.623
352	/	_	_	_	_	_	_	_	words@tt1991m#@tt1991m#813.623#813.93
353	Надо	_	_	_	_	_	_	_	words@tt1991m#@tt1991m#814.274#814.515
354	предложить	_	_	_	_	_	_	_	words@tt1991m#@tt1991m#814.515#814.756
355	/	_	_	_	_	_	_	_	words@tt1991m#@tt1991m#814.756#814.997
356	/	_	_	_	_	_	_	_	words@tt1991m#@tt1991m#814.997#815.241
357	А	_	_	_	_	_	_	_	words@tt1991m#@tt1991m#820.466#820.83
358	/	_	_	_	_	_	_	_	words@tt1991m#@tt1991m#820.83#821.194
359	моя	_	_	_	_	_	_	_	words@tt1991m#@tt1991m#821.194#821.558
360	мама	_	_	_	_	_	_	_	words@tt1991m#@tt1991m#821.558#821.922
361	директор	_	_	_	_	_	_	_	words@tt1991m#@tt1991m#821.922#822.286
362	в	_	_	_	_	_	_	_	words@tt1991m#@tt1991m#822.286#822.65
363	садике	_	_	_	_	_	_	_	words@tt1991m#@tt1991m#822.65#823.014
364	/	_	_	_	_	_	_	_	words@tt1991m#@tt1991m#823.014#823.378
365	и	_	_	_	_	_	_	_	words@tt1991m#@tt1991m#823.378#823.742
366	/	_	_	_	_	_	_	_	words@tt1991m#@tt1991m#823.742#824.106
367	папка	_	_	_	_	_	_	_	words@tt1991m#@tt1991m#824.106#824.47
368	/	_	_	_	_	_	_	_	words@tt1991m#@tt1991m#824.47#824.834
369	ну	_	_	_	_	_	_	_	words@tt1991m#@tt1991m#824.834#825.198
370	типа	_	_	_	_	_	_	_	words@tt1991m#@tt1991m#825.198#825.562
371	строитель	_	_	_	_	_	_	_	words@tt1991m#@tt1991m#825.562#825.926
372	/	_	_	_	_	_	_	_	words@tt1991m#@tt1991m#825.926#826.29
373	/	_	_	_	_	_	_	_	words@tt1991m#@tt1991m#826.29#826.666
374	Неа	_	_	_	_	_	_	_	words@tt1991m#@tt1991m#829.049#829.245
375	/	_	_	_	_	_	_	_	words@tt1991m#@tt1991m#829.245#829.441
376	/	_	_	_	_	_	_	_	words@tt1991m#@tt1991m#829.441#829.638
377	Да	_	_	_	_	_	_	_	words@tt1991m#@tt1991m#833.964#834.142
378	/	_	_	_	_	_	_	_	words@tt1991m#@tt1991m#834.142#834.32
379	/	_	_	_	_	_	_	_	words@tt1991m#@tt1991m#834.32#834.498
380	Они	_	_	_	_	_	_	_	words@tt1991m#@tt1991m#838.0#838.284
381	уже	_	_	_	_	_	_	_	words@tt1991m#@tt1991m#838.284#838.568
382	типа	_	_	_	_	_	_	_	words@tt1991m#@tt1991m#838.568#838.852
383	окей	_	_	_	_	_	_	_	words@tt1991m#@tt1991m#838.852#839.136
384	они	_	_	_	_	_	_	_	words@tt1991m#@tt1991m#839.136#839.42
385	привыкли	_	_	_	_	_	_	_	words@tt1991m#@tt1991m#839.42#839.704
386	/	_	_	_	_	_	_	_	words@tt1991m#@tt1991m#839.704#839.988
387	они	_	_	_	_	_	_	_	words@tt1991m#@tt1991m#839.988#840.272
388	/	_	_	_	_	_	_	_	words@tt1991m#@tt1991m#840.272#840.556
389	ну	_	_	_	_	_	_	_	words@tt1991m#@tt1991m#840.556#840.84
390	/	_	_	_	_	_	_	_	words@tt1991m#@tt1991m#840.84#841.124
391	да	_	_	_	_	_	_	_	words@tt1991m#@tt1991m#841.124#841.408
392	/	_	_	_	_	_	_	_	words@tt1991m#@tt1991m#841.408#841.692
393	/	_	_	_	_	_	_	_	words@tt1991m#@tt1991m#841.692#841.978
394	Мне	_	_	_	_	_	_	_	words@tt1991m#@tt1991m#842.071#842.343
395	папка	_	_	_	_	_	_	_	words@tt1991m#@tt1991m#842.343#842.615
396	там	_	_	_	_	_	_	_	words@tt1991m#@tt1991m#842.615#842.887
397	идеи	_	_	_	_	_	_	_	words@tt1991m#@tt1991m#842.887#843.159
398	подкидывает	_	_	_	_	_	_	_	words@tt1991m#@tt1991m#843.159#843.431
399	всё	_	_	_	_	_	_	_	words@tt1991m#@tt1991m#843.431#843.703
400	время	_	_	_	_	_	_	_	words@tt1991m#@tt1991m#843.703#843.975
401	/	_	_	_	_	_	_	_	words@tt1991m#@tt1991m#843.975#844.247
402	/	_	_	_	_	_	_	_	words@tt1991m#@tt1991m#844.247#844.522
403	Пару	_	_	_	_	_	_	_	words@tt1991m#@tt1991m#844.537#844.798
404	дней	_	_	_	_	_	_	_	words@tt1991m#@tt1991m#844.798#845.059
405	назад	_	_	_	_	_	_	_	words@tt1991m#@tt1991m#845.059#845.32
406	допустим	_	_	_	_	_	_	_	words@tt1991m#@tt1991m#845.32#845.581
407	у	_	_	_	_	_	_	_	words@tt1991m#@tt1991m#845.581#845.842
408	них	_	_	_	_	_	_	_	words@tt1991m#@tt1991m#845.842#846.103
409	был	_	_	_	_	_	_	_	words@tt1991m#@tt1991m#846.103#846.364
410	папа	_	_	_	_	_	_	_	words@tt1991m#@tt1991m#846.364#846.625
411	там	_	_	_	_	_	_	_	words@tt1991m#@tt1991m#846.625#846.886
412	/	_	_	_	_	_	_	_	words@tt1991m#@tt1991m#846.886#847.147
413	слушай	_	_	_	_	_	_	_	words@tt1991m#@tt1991m#847.147#847.408
414	надо	_	_	_	_	_	_	_	words@tt1991m#@tt1991m#847.408#847.669
415	плакаты	_	_	_	_	_	_	_	words@tt1991m#@tt1991m#847.669#847.93
416	продавать	_	_	_	_	_	_	_	words@tt1991m#@tt1991m#847.93#848.191
417	/	_	_	_	_	_	_	_	words@tt1991m#@tt1991m#848.191#848.452
418	/	_	_	_	_	_	_	_	words@tt1991m#@tt1991m#848.452#848.722
419	Мама	_	_	_	_	_	_	_	words@tt1991m#@tt1991m#848.737#849.0
420	говорит	_	_	_	_	_	_	_	words@tt1991m#@tt1991m#849.0#849.263
421	ну	_	_	_	_	_	_	_	words@tt1991m#@tt1991m#849.263#849.526
422	типа	_	_	_	_	_	_	_	words@tt1991m#@tt1991m#849.526#849.789
423	такой	_	_	_	_	_	_	_	words@tt1991m#@tt1991m#849.789#850.052
424	знаешь	_	_	_	_	_	_	_	words@tt1991m#@tt1991m#850.052#850.315
425	ну	_	_	_	_	_	_	_	words@tt1991m#@tt1991m#850.315#850.578
426	типа	_	_	_	_	_	_	_	words@tt1991m#@tt1991m#850.578#850.841
427	такой	_	_	_	_	_	_	_	words@tt1991m#@tt1991m#850.841#851.104
428	прикольный	_	_	_	_	_	_	_	words@tt1991m#@tt1991m#851.104#851.367
429	вообще	_	_	_	_	_	_	_	words@tt1991m#@tt1991m#851.367#851.63
430	/	_	_	_	_	_	_	_	words@tt1991m#@tt1991m#851.63#851.893
431	/	_	_	_	_	_	_	_	words@tt1991m#@tt1991m#851.893#852.16
432	Да	_	_	_	_	_	_	_	words@tt1991m#@tt1991m#857.127#857.509
433	/	_	_	_	_	_	_	_	words@tt1991m#@tt1991m#857.509#857.891
434	бывало	_	_	_	_	_	_	_	words@tt1991m#@tt1991m#857.891#858.273
435	/	_	_	_	_	_	_	_	words@tt1991m#@tt1991m#858.273#858.655
436	/	_	_	_	_	_	_	_	words@tt1991m#@tt1991m#858.655#859.038
437	Ну	_	_	_	_	_	_	_	words@tt1991m#@tt1991m#859.121#859.421
438	никогда	_	_	_	_	_	_	_	words@tt1991m#@tt1991m#859.421#859.721
439	типа	_	_	_	_	_	_	_	words@tt1991m#@tt1991m#859.721#860.021
440	ничего	_	_	_	_	_	_	_	words@tt1991m#@tt1991m#860.021#860.321
441	не	_	_	_	_	_	_	_	words@tt1991m#@tt1991m#860.321#860.621
442	/	_	_	_	_	_	_	_	words@tt1991m#@tt1991m#860.621#860.921
443	эээ	_	_	_	_	_	_	_	words@tt1991m#@tt1991m#860.921#861.221
444	/	_	_	_	_	_	_	_	words@tt1991m#@tt1991m#861.221#861.521
445	не	_	_	_	_	_	_	_	words@tt1991m#@tt1991m#861.521#861.821
446	удавалось	_	_	_	_	_	_	_	words@tt1991m#@tt1991m#861.821#862.121
447	/	_	_	_	_	_	_	_	words@tt1991m#@tt1991m#862.121#862.421
448	ааа	_	_	_	_	_	_	_	words@tt1991m#@tt1991m#862.421#862.721
449	/	_	_	_	_	_	_	_	words@tt1991m#@tt1991m#862.721#863.021
450	отобрать	_	_	_	_	_	_	_	words@tt1991m#@tt1991m#863.021#863.321
451	/	_	_	_	_	_	_	_	words@tt1991m#@tt1991m#863.321#863.621
452	/	_	_	_	_	_	_	_	words@tt1991m#@tt1991m#863.621#863.922
453	Ну	_	_	_	_	_	_	_	words@tt1991m#@tt1991m#863.963#864.234
454	типа	_	_	_	_	_	_	_	words@tt1991m#@tt1991m#864.234#864.505
455	ты	_	_	_	_	_	_	_	words@tt1991m#@tt1991m#864.505#864.776
456	один	_	_	_	_	_	_	_	words@tt1991m#@tt1991m#864.776#865.047
457	идешь	_	_	_	_	_	_	_	words@tt1991m#@tt1991m#865.047#865.318
458	и	_	_	_	_	_	_	_	words@tt1991m#@tt1991m#865.318#865.589
459	у	_	_	_	_	_	_	_	words@tt1991m#@tt1991m#865.589#865.86
460	тебя	_	_	_	_	_	_	_	words@tt1991m#@tt1991m#865.86#866.131
461	уже	_	_	_	_	_	_	_	words@tt1991m#@tt1991m#866.131#866.402
462	этот	_	_	_	_	_	_	_	words@tt1991m#@tt1991m#866.402#866.673
463	/	_	_	_	_	_	_	_	words@tt1991m#@tt1991m#866.673#866.944
464	ааа	_	_	_	_	_	_	_	words@tt1991m#@tt1991m#866.944#867.215
465	/	_	_	_	_	_	_	_	words@tt1991m#@tt1991m#867.215#867.486
466	#нрзб#	_	_	_	_	_	_	_	words@tt1991m#@tt1991m#867.486#867.757
467	sense	_	_	_	_	_	_	_	words@tt1991m#@tt1991m#867.757#868.028
468	что	_	_	_	_	_	_	_	words@tt1991m#@tt1991m#868.028#868.299
469	прятать	_	_	_	_	_	_	_	words@tt1991m#@tt1991m#868.299#868.57
470	там	_	_	_	_	_	_	_	words@tt1991m#@tt1991m#868.57#868.841
471	телефон	_	_	_	_	_	_	_	words@tt1991m#@tt1991m#868.841#869.112
472	в	_	_	_	_	_	_	_	words@tt1991m#@tt1991m#869.112#869.383
473	трусы	_	_	_	_	_	_	_	words@tt1991m#@tt1991m#869.383#869.654
474	/	_	_	_	_	_	_	_	words@tt1991m#@tt1991m#869.654#869.925
475	/	_	_	_	_	_	_	_	words@tt1991m#@tt1991m#869.925#870.2
476	Ну	_	_	_	_	_	_	_	words@tt1991m#@tt1991m#870.206#870.497
477	знаешь	_	_	_	_	_	_	_	words@tt1991m#@tt1991m#870.497#870.788
478	это	_	_	_	_	_	_	_	words@tt1991m#@tt1991m#870.788#871.079
479	такие	_	_	_	_	_	_	_	words@tt1991m#@tt1991m#871.079#871.37
480	маленькие	_	_	_	_	_	_	_	words@tt1991m#@tt1991m#871.37#871.661
481	вещи	_	_	_	_	_	_	_	words@tt1991m#@tt1991m#871.661#871.952
482	которые	_	_	_	_	_	_	_	words@tt1991m#@tt1991m#871.952#872.243
483	могут	_	_	_	_	_	_	_	words@tt1991m#@tt1991m#872.243#872.534
484	тебе	_	_	_	_	_	_	_	words@tt1991m#@tt1991m#872.534#872.825
485	много	_	_	_	_	_	_	_	words@tt1991m#@tt1991m#872.825#873.116
486	типа	_	_	_	_	_	_	_	words@tt1991m#@tt1991m#873.116#873.407
487	помочь	_	_	_	_	_	_	_	words@tt1991m#@tt1991m#873.407#873.698
488	/	_	_	_	_	_	_	_	words@tt1991m#@tt1991m#873.698#873.989
489	/	_	_	_	_	_	_	_	words@tt1991m#@tt1991m#873.989#874.284
490	Легче	_	_	_	_	_	_	_	words@tt1991m#@tt1991m#874.296#874.511
491	сказать	_	_	_	_	_	_	_	words@tt1991m#@tt1991m#874.511#874.726
492	если	_	_	_	_	_	_	_	words@tt1991m#@tt1991m#874.726#874.941
493	у	_	_	_	_	_	_	_	words@tt1991m#@tt1991m#874.941#875.156
494	тебя	_	_	_	_	_	_	_	words@tt1991m#@tt1991m#875.156#875.371
495	нету	_	_	_	_	_	_	_	words@tt1991m#@tt1991m#875.371#875.586
496	ничего	_	_	_	_	_	_	_	words@tt1991m#@tt1991m#875.586#875.801
497	а	_	_	_	_	_	_	_	words@tt1991m#@tt1991m#875.801#876.016
498	он	_	_	_	_	_	_	_	words@tt1991m#@tt1991m#876.016#876.231
499	типа	_	_	_	_	_	_	_	words@tt1991m#@tt1991m#876.231#876.446
500	смотрит	_	_	_	_	_	_	_	words@tt1991m#@tt1991m#876.446#876.661
501	по	_	_	_	_	_	_	_	words@tt1991m#@tt1991m#876.661#876.876
502	карманам	_	_	_	_	_	_	_	words@tt1991m#@tt1991m#876.876#877.091
503	и	_	_	_	_	_	_	_	words@tt1991m#@tt1991m#877.091#877.306
504	у	_	_	_	_	_	_	_	words@tt1991m#@tt1991m#877.306#877.521
505	тебя	_	_	_	_	_	_	_	words@tt1991m#@tt1991m#877.521#877.736
506	ничего	_	_	_	_	_	_	_	words@tt1991m#@tt1991m#877.736#877.951
507	нету	_	_	_	_	_	_	_	words@tt1991m#@tt1991m#877.951#878.166
508	и	_	_	_	_	_	_	_	words@tt1991m#@tt1991m#878.166#878.381
509	у	_	_	_	_	_	_	_	words@tt1991m#@tt1991m#878.381#878.596
510	тебя	_	_	_	_	_	_	_	words@tt1991m#@tt1991m#878.596#878.811
511	реально	_	_	_	_	_	_	_	words@tt1991m#@tt1991m#878.811#879.026
512	ничего	_	_	_	_	_	_	_	words@tt1991m#@tt1991m#879.026#879.241
513	нету	_	_	_	_	_	_	_	words@tt1991m#@tt1991m#879.241#879.456
514	если	_	_	_	_	_	_	_	words@tt1991m#@tt1991m#879.456#879.671
515	у	_	_	_	_	_	_	_	words@tt1991m#@tt1991m#879.671#879.886
516	тебя	_	_	_	_	_	_	_	words@tt1991m#@tt1991m#879.886#880.101
517	там	_	_	_	_	_	_	_	words@tt1991m#@tt1991m#880.101#880.316
518	что-то	_	_	_	_	_	_	_	words@tt1991m#@tt1991m#880.316#880.531
519	есть	_	_	_	_	_	_	_	words@tt1991m#@tt1991m#880.531#880.746
520	а	_	_	_	_	_	_	_	words@tt1991m#@tt1991m#880.746#880.961
521	ты	_	_	_	_	_	_	_	words@tt1991m#@tt1991m#880.961#881.176
522	говоришь	_	_	_	_	_	_	_	words@tt1991m#@tt1991m#881.176#881.391
523	нету	_	_	_	_	_	_	_	words@tt1991m#@tt1991m#881.391#881.606
524	и	_	_	_	_	_	_	_	words@tt1991m#@tt1991m#881.606#881.821
525	это	_	_	_	_	_	_	_	words@tt1991m#@tt1991m#881.821#882.036
526	как	_	_	_	_	_	_	_	words@tt1991m#@tt1991m#882.036#882.251
527	бы	_	_	_	_	_	_	_	words@tt1991m#@tt1991m#882.251#882.466
528	/	_	_	_	_	_	_	_	words@tt1991m#@tt1991m#882.466#882.681
529	плохо	_	_	_	_	_	_	_	words@tt1991m#@tt1991m#882.681#882.896
530	заканчивается	_	_	_	_	_	_	_	words@tt1991m#@tt1991m#882.896#883.111
531	/	_	_	_	_	_	_	_	words@tt1991m#@tt1991m#883.111#883.326
532	/	_	_	_	_	_	_	_	words@tt1991m#@tt1991m#883.326#883.566
533	#смех#	_	_	_	_	_	_	_	words@tt1991m#@tt1991m#888.807#889.076
534	тоже	_	_	_	_	_	_	_	words@tt1991m#@tt1991m#889.076#889.345
535	такое	_	_	_	_	_	_	_	words@tt1991m#@tt1991m#889.345#889.614
536	говорили	_	_	_	_	_	_	_	words@tt1991m#@tt1991m#889.614#889.883
537	/	_	_	_	_	_	_	_	words@tt1991m#@tt1991m#889.883#890.152
538	/	_	_	_	_	_	_	_	words@tt1991m#@tt1991m#890.152#890.422
539	Я	_	_	_	_	_	_	_	words@tt1991m#@tt1991m#890.452#890.762
540	первый	_	_	_	_	_	_	_	words@tt1991m#@tt1991m#890.762#891.072
541	раз	_	_	_	_	_	_	_	words@tt1991m#@tt1991m#891.072#891.382
542	в	_	_	_	_	_	_	_	words@tt1991m#@tt1991m#891.382#891.692
543	телецентр	_	_	_	_	_	_	_	words@tt1991m#@tt1991m#891.692#892.002
544	добрался	_	_	_	_	_	_	_	words@tt1991m#@tt1991m#892.002#892.312
545	когда	_	_	_	_	_	_	_	words@tt1991m#@tt1991m#892.312#892.622
546	мне	_	_	_	_	_	_	_	words@tt1991m#@tt1991m#892.622#892.932
547	было	_	_	_	_	_	_	_	words@tt1991m#@tt1991m#892.932#893.242
548	типа	_	_	_	_	_	_	_	words@tt1991m#@tt1991m#893.242#893.552
549	двадцать	_	_	_	_	_	_	_	words@tt1991m#@tt1991m#893.552#893.862
550	один	_	_	_	_	_	_	_	words@tt1991m#@tt1991m#893.862#894.172
551	наверно	_	_	_	_	_	_	_	words@tt1991m#@tt1991m#894.172#894.482
552	двадцать	_	_	_	_	_	_	_	words@tt1991m#@tt1991m#894.482#894.792
553	два	_	_	_	_	_	_	_	words@tt1991m#@tt1991m#894.792#895.102
554	/	_	_	_	_	_	_	_	words@tt1991m#@tt1991m#895.102#895.412
555	/	_	_	_	_	_	_	_	words@tt1991m#@tt1991m#895.412#895.732
556	Мы	_	_	_	_	_	_	_	words@tt1991m#@tt1991m#895.732#895.986
557	вообще	_	_	_	_	_	_	_	words@tt1991m#@tt1991m#895.986#896.24
558	в	_	_	_	_	_	_	_	words@tt1991m#@tt1991m#896.24#896.494
559	клуб	_	_	_	_	_	_	_	words@tt1991m#@tt1991m#896.494#896.748
560	никогда	_	_	_	_	_	_	_	words@tt1991m#@tt1991m#896.748#897.002
561	не	_	_	_	_	_	_	_	words@tt1991m#@tt1991m#897.002#897.256
562	ходили	_	_	_	_	_	_	_	words@tt1991m#@tt1991m#897.256#897.51
563	у	_	_	_	_	_	_	_	words@tt1991m#@tt1991m#897.51#897.764
564	меня	_	_	_	_	_	_	_	words@tt1991m#@tt1991m#897.764#898.018
565	не	_	_	_	_	_	_	_	words@tt1991m#@tt1991m#898.018#898.272
566	было	_	_	_	_	_	_	_	words@tt1991m#@tt1991m#898.272#898.526
567	этого	_	_	_	_	_	_	_	words@tt1991m#@tt1991m#898.526#898.78
568	/	_	_	_	_	_	_	_	words@tt1991m#@tt1991m#898.78#899.034
569	ну	_	_	_	_	_	_	_	words@tt1991m#@tt1991m#899.034#899.288
570	этой	_	_	_	_	_	_	_	words@tt1991m#@tt1991m#899.288#899.542
571	культуры	_	_	_	_	_	_	_	words@tt1991m#@tt1991m#899.542#899.796
572	что	_	_	_	_	_	_	_	words@tt1991m#@tt1991m#899.796#900.05
573	типа	_	_	_	_	_	_	_	words@tt1991m#@tt1991m#900.05#900.304
574	на	_	_	_	_	_	_	_	words@tt1991m#@tt1991m#900.304#900.558
575	вечерину	_	_	_	_	_	_	_	words@tt1991m#@tt1991m#900.558#900.812
576	ехать	_	_	_	_	_	_	_	words@tt1991m#@tt1991m#900.812#901.066
577	/	_	_	_	_	_	_	_	words@tt1991m#@tt1991m#901.066#901.32
578	/	_	_	_	_	_	_	_	words@tt1991m#@tt1991m#901.32#901.577
579	Типа	_	_	_	_	_	_	_	words@tt1991m#@tt1991m#901.779#902.104
580	/	_	_	_	_	_	_	_	words@tt1991m#@tt1991m#902.104#902.429
581	все	_	_	_	_	_	_	_	words@tt1991m#@tt1991m#902.429#902.754
582	ну	_	_	_	_	_	_	_	words@tt1991m#@tt1991m#902.754#903.079
583	на...	_	_	_	_	_	_	_	words@tt1991m#@tt1991m#903.079#903.404
584	в	_	_	_	_	_	_	_	words@tt1991m#@tt1991m#903.404#903.729
585	худи	_	_	_	_	_	_	_	words@tt1991m#@tt1991m#903.729#904.054
586	чиллят	_	_	_	_	_	_	_	words@tt1991m#@tt1991m#904.054#904.379
587	такие	_	_	_	_	_	_	_	words@tt1991m#@tt1991m#904.379#904.704
588	/	_	_	_	_	_	_	_	words@tt1991m#@tt1991m#904.704#905.029
589	/	_	_	_	_	_	_	_	words@tt1991m#@tt1991m#905.029#905.357
590	Ну	_	_	_	_	_	_	_	words@tt1991m#@tt1991m#905.495#905.769
591	давай	_	_	_	_	_	_	_	words@tt1991m#@tt1991m#905.769#906.043
592	лучше	_	_	_	_	_	_	_	words@tt1991m#@tt1991m#906.043#906.317
593	там	_	_	_	_	_	_	_	words@tt1991m#@tt1991m#906.317#906.591
594	/	_	_	_	_	_	_	_	words@tt1991m#@tt1991m#906.591#906.865
595	на	_	_	_	_	_	_	_	words@tt1991m#@tt1991m#906.865#907.139
596	другое	_	_	_	_	_	_	_	words@tt1991m#@tt1991m#907.139#907.413
597	скинемся	_	_	_	_	_	_	_	words@tt1991m#@tt1991m#907.413#907.687
598	что-то	_	_	_	_	_	_	_	words@tt1991m#@tt1991m#907.687#907.961
599	/	_	_	_	_	_	_	_	words@tt1991m#@tt1991m#907.961#908.235
600	/	_	_	_	_	_	_	_	words@tt1991m#@tt1991m#908.235#908.517
601	#нрзб#	_	_	_	_	_	_	_	words@tt1991m#@tt1991m#908.555#908.834
602	на	_	_	_	_	_	_	_	words@tt1991m#@tt1991m#908.834#909.113
603	такси	_	_	_	_	_	_	_	words@tt1991m#@tt1991m#909.113#909.392
604	знаешь	_	_	_	_	_	_	_	words@tt1991m#@tt1991m#909.392#909.671
605	/	_	_	_	_	_	_	_	words@tt1991m#@tt1991m#909.671#909.95
606	/	_	_	_	_	_	_	_	words@tt1991m#@tt1991m#909.95#910.233
607	#смех#	_	_	_	_	_	_	_	words@tt1991m#@tt1991m#911.4#912.489
608	Да	_	_	_	_	_	_	_	words@tt1991m#@tt1991m#913.419#913.655
609	/	_	_	_	_	_	_	_	words@tt1991m#@tt1991m#913.655#913.891
610	да	_	_	_	_	_	_	_	words@tt1991m#@tt1991m#913.891#914.127
611	да	_	_	_	_	_	_	_	words@tt1991m#@tt1991m#914.127#914.363
612	да	_	_	_	_	_	_	_	words@tt1991m#@tt1991m#914.363#914.599
613	/	_	_	_	_	_	_	_	words@tt1991m#@tt1991m#914.599#914.835
614	ну	_	_	_	_	_	_	_	words@tt1991m#@tt1991m#914.835#915.071
615	ты	_	_	_	_	_	_	_	words@tt1991m#@tt1991m#915.071#915.307
616	ж	_	_	_	_	_	_	_	words@tt1991m#@tt1991m#915.307#915.543
617	знаешь	_	_	_	_	_	_	_	words@tt1991m#@tt1991m#915.543#915.779
618	здесь	_	_	_	_	_	_	_	words@tt1991m#@tt1991m#915.779#916.015
619	всё	_	_	_	_	_	_	_	words@tt1991m#@tt1991m#916.015#916.251
620	легко	_	_	_	_	_	_	_	words@tt1991m#@tt1991m#916.251#916.487
621	достать	_	_	_	_	_	_	_	words@tt1991m#@tt1991m#916.487#916.723
622	/	_	_	_	_	_	_	_	words@tt1991m#@tt1991m#916.723#916.959
623	/	_	_	_	_	_	_	_	words@tt1991m#@tt1991m#916.959#917.208
624	Неа	_	_	_	_	_	_	_	words@tt1991m#@tt1991m#919.919#920.137
625	/	_	_	_	_	_	_	_	words@tt1991m#@tt1991m#920.137#920.355
626	/	_	_	_	_	_	_	_	words@tt1991m#@tt1991m#920.355#920.575
627	Да	_	_	_	_	_	_	_	words@tt1991m#@tt1991m#923.232#923.7
628	я	_	_	_	_	_	_	_	words@tt1991m#@tt1991m#923.7#924.168
629	/	_	_	_	_	_	_	_	words@tt1991m#@tt1991m#924.168#924.636
630	за	_	_	_	_	_	_	_	words@tt1991m#@tt1991m#924.636#925.104
631	healthy	_	_	_	_	_	_	_	words@tt1991m#@tt1991m#925.104#925.572
632	lifestyle	_	_	_	_	_	_	_	words@tt1991m#@tt1991m#925.572#926.04
633	/	_	_	_	_	_	_	_	words@tt1991m#@tt1991m#926.04#926.508
634	/	_	_	_	_	_	_	_	words@tt1991m#@tt1991m#926.508#926.976
635	Никогда	_	_	_	_	_	_	_	words@tt1991m#@tt1991m#928.159#928.55
636	не	_	_	_	_	_	_	_	words@tt1991m#@tt1991m#928.55#928.941
637	пробовал	_	_	_	_	_	_	_	words@tt1991m#@tt1991m#928.941#929.332
638	/	_	_	_	_	_	_	_	words@tt1991m#@tt1991m#929.332#929.723
639	я	_	_	_	_	_	_	_	words@tt1991m#@tt1991m#929.723#930.114
640	это	_	_	_	_	_	_	_	words@tt1991m#@tt1991m#930.114#930.505
641	/	_	_	_	_	_	_	_	words@tt1991m#@tt1991m#930.505#930.896
642	/	_	_	_	_	_	_	_	words@tt1991m#@tt1991m#930.896#931.293
643	#нрзб#	_	_	_	_	_	_	_	words@tt1991m#@tt1991m#932.54#932.91
644	всё	_	_	_	_	_	_	_	words@tt1991m#@tt1991m#932.91#933.28
645	/	_	_	_	_	_	_	_	words@tt1991m#@tt1991m#933.28#933.65
646	/	_	_	_	_	_	_	_	words@tt1991m#@tt1991m#933.65#934.022
647	Ходите	_	_	_	_	_	_	_	words@tt1991m#@tt1991m#934.059#934.4
648	в	_	_	_	_	_	_	_	words@tt1991m#@tt1991m#934.4#934.741
649	школу	_	_	_	_	_	_	_	words@tt1991m#@tt1991m#934.741#935.082
650	/	_	_	_	_	_	_	_	words@tt1991m#@tt1991m#935.082#935.423
651	учитесь	_	_	_	_	_	_	_	words@tt1991m#@tt1991m#935.423#935.764
652	/	_	_	_	_	_	_	_	words@tt1991m#@tt1991m#935.764#936.105
653	будьте	_	_	_	_	_	_	_	words@tt1991m#@tt1991m#936.105#936.446
654	умнее	_	_	_	_	_	_	_	words@tt1991m#@tt1991m#936.446#936.787
655	/	_	_	_	_	_	_	_	words@tt1991m#@tt1991m#936.787#937.128
656	/	_	_	_	_	_	_	_	words@tt1991m#@tt1991m#937.128#937.469
657	секс	_	_	_	_	_	_	_	words@tt1991m#@tt1991m#937.469#937.81
658	только	_	_	_	_	_	_	_	words@tt1991m#@tt1991m#937.81#938.151
659	после	_	_	_	_	_	_	_	words@tt1991m#@tt1991m#938.151#938.492
660	когда	_	_	_	_	_	_	_	words@tt1991m#@tt1991m#938.492#938.833
661	/	_	_	_	_	_	_	_	words@tt1991m#@tt1991m#938.833#939.174
662	эээ	_	_	_	_	_	_	_	words@tt1991m#@tt1991m#939.174#939.515
663	ну	_	_	_	_	_	_	_	words@tt1991m#@tt1991m#939.515#939.856
664	поженились	_	_	_	_	_	_	_	words@tt1991m#@tt1991m#939.856#940.197
665	/	_	_	_	_	_	_	_	words@tt1991m#@tt1991m#940.197#940.538
666	/	_	_	_	_	_	_	_	words@tt1991m#@tt1991m#940.538#940.892
667	Ну	_	_	_	_	_	_	_	words@tt1991m#@tt1991m#943.927#944.181
668	да	_	_	_	_	_	_	_	words@tt1991m#@tt1991m#944.181#944.435
669	/	_	_	_	_	_	_	_	words@tt1991m#@tt1991m#944.435#944.689
670	virgin	_	_	_	_	_	_	_	words@tt1991m#@tt1991m#944.689#944.943
671	/	_	_	_	_	_	_	_	words@tt1991m#@tt1991m#944.943#945.197
672	то	_	_	_	_	_	_	_	words@tt1991m#@tt1991m#945.197#945.451
673	же	_	_	_	_	_	_	_	words@tt1991m#@tt1991m#945.451#945.705
674	самое	_	_	_	_	_	_	_	words@tt1991m#@tt1991m#945.705#945.959
675	/	_	_	_	_	_	_	_	words@tt1991m#@tt1991m#945.959#946.213
676	то	_	_	_	_	_	_	_	words@tt1991m#@tt1991m#946.213#946.467
677	же	_	_	_	_	_	_	_	words@tt1991m#@tt1991m#946.467#946.721
678	самое	_	_	_	_	_	_	_	words@tt1991m#@tt1991m#946.721#946.975
679	бро	_	_	_	_	_	_	_	words@tt1991m#@tt1991m#946.975#947.229
680	/	_	_	_	_	_	_	_	words@tt1991m#@tt1991m#947.229#947.483
681	/	_	_	_	_	_	_	_	words@tt1991m#@tt1991m#947.483#947.749
682	Я	_	_	_	_	_	_	_	words@tt1991m#@tt1991m#951.33#951.617
683	вылетел	_	_	_	_	_	_	_	words@tt1991m#@tt1991m#951.617#951.904
684	в	_	_	_	_	_	_	_	words@tt1991m#@tt1991m#951.904#952.191
685	одиннадцатой	_	_	_	_	_	_	_	words@tt1991m#@tt1991m#952.191#952.478
686	шк...	_	_	_	_	_	_	_	words@tt1991m#@tt1991m#952.478#952.765
687	в	_	_	_	_	_	_	_	words@tt1991m#@tt1991m#952.765#953.052
688	одиннадцатом	_	_	_	_	_	_	_	words@tt1991m#@tt1991m#953.052#953.339
689	классе	_	_	_	_	_	_	_	words@tt1991m#@tt1991m#953.339#953.626
690	/	_	_	_	_	_	_	_	words@tt1991m#@tt1991m#953.626#953.913
691	/	_	_	_	_	_	_	_	words@tt1991m#@tt1991m#953.913#954.2
692	Эээ	_	_	_	_	_	_	_	words@tt1991m#@tt1991m#955.495#955.746
693	/	_	_	_	_	_	_	_	words@tt1991m#@tt1991m#955.746#955.997
694	просто	_	_	_	_	_	_	_	words@tt1991m#@tt1991m#955.997#956.248
695	вылетел	_	_	_	_	_	_	_	words@tt1991m#@tt1991m#956.248#956.499
696	из	_	_	_	_	_	_	_	words@tt1991m#@tt1991m#956.499#956.75
697	школы	_	_	_	_	_	_	_	words@tt1991m#@tt1991m#956.75#957.001
698	/	_	_	_	_	_	_	_	words@tt1991m#@tt1991m#957.001#957.252
699	/	_	_	_	_	_	_	_	words@tt1991m#@tt1991m#957.252#957.51
700	Да	_	_	_	_	_	_	_	words@tt1991m#@tt1991m#959.02#959.19
701	/	_	_	_	_	_	_	_	words@tt1991m#@tt1991m#959.19#959.36
702	/	_	_	_	_	_	_	_	words@tt1991m#@tt1991m#959.36#959.53
703	Потому	_	_	_	_	_	_	_	words@tt1991m#@tt1991m#961.52#961.761
704	что	_	_	_	_	_	_	_	words@tt1991m#@tt1991m#961.761#962.002
705	я	_	_	_	_	_	_	_	words@tt1991m#@tt1991m#962.002#962.243
706	понял	_	_	_	_	_	_	_	words@tt1991m#@tt1991m#962.243#962.484
707	что	_	_	_	_	_	_	_	words@tt1991m#@tt1991m#962.484#962.725
708	/	_	_	_	_	_	_	_	words@tt1991m#@tt1991m#962.725#962.966
709	я	_	_	_	_	_	_	_	words@tt1991m#@tt1991m#962.966#963.207
710	всё	_	_	_	_	_	_	_	words@tt1991m#@tt1991m#963.207#963.448
711	сам	_	_	_	_	_	_	_	words@tt1991m#@tt1991m#963.448#963.689
712	сделаю	_	_	_	_	_	_	_	words@tt1991m#@tt1991m#963.689#963.93
713	/	_	_	_	_	_	_	_	words@tt1991m#@tt1991m#963.93#964.171
714	/	_	_	_	_	_	_	_	words@tt1991m#@tt1991m#964.171#964.42
715	Были	_	_	_	_	_	_	_	words@tt1991m#@tt1991m#967.27#967.736
716	/	_	_	_	_	_	_	_	words@tt1991m#@tt1991m#967.736#968.202
717	/	_	_	_	_	_	_	_	words@tt1991m#@tt1991m#968.202#968.67
718	Ну	_	_	_	_	_	_	_	words@tt1991m#@tt1991m#968.71#968.935
719	я	_	_	_	_	_	_	_	words@tt1991m#@tt1991m#968.935#969.16
720	ж	_	_	_	_	_	_	_	words@tt1991m#@tt1991m#969.16#969.385
721	из	_	_	_	_	_	_	_	words@tt1991m#@tt1991m#969.385#969.61
722	дома	_	_	_	_	_	_	_	words@tt1991m#@tt1991m#969.61#969.835
723	ушел	_	_	_	_	_	_	_	words@tt1991m#@tt1991m#969.835#970.06
724	тада	_	_	_	_	_	_	_	words@tt1991m#@tt1991m#970.06#970.285
725	и	_	_	_	_	_	_	_	words@tt1991m#@tt1991m#970.285#970.51
726	я	_	_	_	_	_	_	_	words@tt1991m#@tt1991m#970.51#970.735
727	жил	_	_	_	_	_	_	_	words@tt1991m#@tt1991m#970.735#970.96
728	у	_	_	_	_	_	_	_	words@tt1991m#@tt1991m#970.96#971.185
729	подруги	_	_	_	_	_	_	_	words@tt1991m#@tt1991m#971.185#971.41
730	типа	_	_	_	_	_	_	_	words@tt1991m#@tt1991m#971.41#971.635
731	/	_	_	_	_	_	_	_	words@tt1991m#@tt1991m#971.635#971.86
732	вот	_	_	_	_	_	_	_	words@tt1991m#@tt1991m#971.86#972.085
733	год	_	_	_	_	_	_	_	words@tt1991m#@tt1991m#972.085#972.31
734	тада	_	_	_	_	_	_	_	words@tt1991m#@tt1991m#972.31#972.535
735	/	_	_	_	_	_	_	_	words@tt1991m#@tt1991m#972.535#972.76
736	/	_	_	_	_	_	_	_	words@tt1991m#@tt1991m#972.76#973.0
737	А	_	_	_	_	_	_	_	words@tt1991m#@tt1991m#973.045#973.267
738	у	_	_	_	_	_	_	_	words@tt1991m#@tt1991m#973.267#973.489
739	подруги	_	_	_	_	_	_	_	words@tt1991m#@tt1991m#973.489#973.711
740	было	_	_	_	_	_	_	_	words@tt1991m#@tt1991m#973.711#973.933
741	типа	_	_	_	_	_	_	_	words@tt1991m#@tt1991m#973.933#974.155
742	двадцать	_	_	_	_	_	_	_	words@tt1991m#@tt1991m#974.155#974.377
743	пять	_	_	_	_	_	_	_	words@tt1991m#@tt1991m#974.377#974.599
744	лет	_	_	_	_	_	_	_	words@tt1991m#@tt1991m#974.599#974.821
745	/	_	_	_	_	_	_	_	words@tt1991m#@tt1991m#974.821#975.043
746	/	_	_	_	_	_	_	_	words@tt1991m#@tt1991m#975.043#975.265
747	Да	_	_	_	_	_	_	_	words@tt1991m#@tt1991m#976.765#977.019
748	/	_	_	_	_	_	_	_	words@tt1991m#@tt1991m#977.019#977.273
749	она	_	_	_	_	_	_	_	words@tt1991m#@tt1991m#977.273#977.527
750	вообще	_	_	_	_	_	_	_	words@tt1991m#@tt1991m#977.527#977.781
751	девчонка	_	_	_	_	_	_	_	words@tt1991m#@tt1991m#977.781#978.035
752	была	_	_	_	_	_	_	_	words@tt1991m#@tt1991m#978.035#978.289
753	на	_	_	_	_	_	_	_	words@tt1991m#@tt1991m#978.289#978.543
754	плэйбой	_	_	_	_	_	_	_	words@tt1991m#@tt1991m#978.543#978.797
755	ковере	_	_	_	_	_	_	_	words@tt1991m#@tt1991m#978.797#979.051
756	в	_	_	_	_	_	_	_	words@tt1991m#@tt1991m#979.051#979.305
757	это	_	_	_	_	_	_	_	words@tt1991m#@tt1991m#979.305#979.559
758	время	_	_	_	_	_	_	_	words@tt1991m#@tt1991m#979.559#979.813
759	#смех#	_	_	_	_	_	_	_	words@tt1991m#@tt1991m#979.813#980.067
760	тоже	_	_	_	_	_	_	_	words@tt1991m#@tt1991m#980.067#980.321
761	такая	_	_	_	_	_	_	_	words@tt1991m#@tt1991m#980.321#980.575
762	/	_	_	_	_	_	_	_	words@tt1991m#@tt1991m#980.575#980.829
763	/	_	_	_	_	_	_	_	words@tt1991m#@tt1991m#980.829#981.095
764	Она	_	_	_	_	_	_	_	words@tt1991m#@tt1991m#983.47#983.747
765	мне	_	_	_	_	_	_	_	words@tt1991m#@tt1991m#983.747#984.024
766	пришла	_	_	_	_	_	_	_	words@tt1991m#@tt1991m#984.024#984.301
767	на	_	_	_	_	_	_	_	words@tt1991m#@tt1991m#984.301#984.578
768	тренировку	_	_	_	_	_	_	_	words@tt1991m#@tt1991m#984.578#984.855
769	танцы	_	_	_	_	_	_	_	words@tt1991m#@tt1991m#984.855#985.132
770	/	_	_	_	_	_	_	_	words@tt1991m#@tt1991m#985.132#985.409
771	/	_	_	_	_	_	_	_	words@tt1991m#@tt1991m#985.409#985.69
772	Да	_	_	_	_	_	_	_	words@tt1991m#@tt1991m#987.745#987.997
773	/	_	_	_	_	_	_	_	words@tt1991m#@tt1991m#987.997#988.249
774	да	_	_	_	_	_	_	_	words@tt1991m#@tt1991m#988.249#988.501
775	/	_	_	_	_	_	_	_	words@tt1991m#@tt1991m#988.501#988.753
776	я	_	_	_	_	_	_	_	words@tt1991m#@tt1991m#988.753#989.005
777	давал	_	_	_	_	_	_	_	words@tt1991m#@tt1991m#989.005#989.257
778	уроки	_	_	_	_	_	_	_	words@tt1991m#@tt1991m#989.257#989.509
779	мне	_	_	_	_	_	_	_	words@tt1991m#@tt1991m#989.509#989.761
780	было	_	_	_	_	_	_	_	words@tt1991m#@tt1991m#989.761#990.013
781	шестнадцать	_	_	_	_	_	_	_	words@tt1991m#@tt1991m#990.013#990.265
782	/	_	_	_	_	_	_	_	words@tt1991m#@tt1991m#990.265#990.517
783	/	_	_	_	_	_	_	_	words@tt1991m#@tt1991m#990.517#990.775
784	Да	_	_	_	_	_	_	_	words@tt1991m#@tt1991m#995.405#995.508
785	/	_	_	_	_	_	_	_	words@tt1991m#@tt1991m#995.508#995.611
786	/	_	_	_	_	_	_	_	words@tt1991m#@tt1991m#995.611#995.715
787	#смех#	_	_	_	_	_	_	_	words@tt1991m#@tt1991m#997.205#998.6
788	Танцую	_	_	_	_	_	_	_	words@tt1991m#@tt1991m#1006.62#1006.867
789	пять	_	_	_	_	_	_	_	words@tt1991m#@tt1991m#1006.867#1007.114
790	часов	_	_	_	_	_	_	_	words@tt1991m#@tt1991m#1007.114#1007.361
791	получишь	_	_	_	_	_	_	_	words@tt1991m#@tt1991m#1007.361#1007.608
792	двадцать	_	_	_	_	_	_	_	words@tt1991m#@tt1991m#1007.608#1007.855
793	пять	_	_	_	_	_	_	_	words@tt1991m#@tt1991m#1007.855#1008.102
794	евро	_	_	_	_	_	_	_	words@tt1991m#@tt1991m#1008.102#1008.349
795	что-то	_	_	_	_	_	_	_	words@tt1991m#@tt1991m#1008.349#1008.596
796	такое	_	_	_	_	_	_	_	words@tt1991m#@tt1991m#1008.596#1008.843
797	/	_	_	_	_	_	_	_	words@tt1991m#@tt1991m#1008.843#1009.09
798	/	_	_	_	_	_	_	_	words@tt1991m#@tt1991m#1009.09#1009.34
799	Еще	_	_	_	_	_	_	_	words@tt1991m#@tt1991m#1009.4#1009.649
800	го-го	_	_	_	_	_	_	_	words@tt1991m#@tt1991m#1009.649#1009.898
801	дэнс	_	_	_	_	_	_	_	words@tt1991m#@tt1991m#1009.898#1010.147
802	есть	_	_	_	_	_	_	_	words@tt1991m#@tt1991m#1010.147#1010.396
803	/	_	_	_	_	_	_	_	words@tt1991m#@tt1991m#1010.396#1010.645
804	тебя	_	_	_	_	_	_	_	words@tt1991m#@tt1991m#1010.645#1010.894
805	берут	_	_	_	_	_	_	_	words@tt1991m#@tt1991m#1010.894#1011.143
806	типа	_	_	_	_	_	_	_	words@tt1991m#@tt1991m#1011.143#1011.392
807	на	_	_	_	_	_	_	_	words@tt1991m#@tt1991m#1011.392#1011.641
808	го-го	_	_	_	_	_	_	_	words@tt1991m#@tt1991m#1011.641#1011.89
809	дэнс	_	_	_	_	_	_	_	words@tt1991m#@tt1991m#1011.89#1012.139
810	я	_	_	_	_	_	_	_	words@tt1991m#@tt1991m#1012.139#1012.388
811	один	_	_	_	_	_	_	_	words@tt1991m#@tt1991m#1012.388#1012.637
812	раз	_	_	_	_	_	_	_	words@tt1991m#@tt1991m#1012.637#1012.886
813	был	_	_	_	_	_	_	_	words@tt1991m#@tt1991m#1012.886#1013.135
814	/	_	_	_	_	_	_	_	words@tt1991m#@tt1991m#1013.135#1013.384
815	/	_	_	_	_	_	_	_	words@tt1991m#@tt1991m#1013.384#1013.64
816	Ты	_	_	_	_	_	_	_	words@tt1991m#@tt1991m#1013.78#1013.997
817	типа	_	_	_	_	_	_	_	words@tt1991m#@tt1991m#1013.997#1014.214
818	/	_	_	_	_	_	_	_	words@tt1991m#@tt1991m#1014.214#1014.431
819	ну	_	_	_	_	_	_	_	words@tt1991m#@tt1991m#1014.431#1014.648
820	да	_	_	_	_	_	_	_	words@tt1991m#@tt1991m#1014.648#1014.865
821	/	_	_	_	_	_	_	_	words@tt1991m#@tt1991m#1014.865#1015.082
822	/	_	_	_	_	_	_	_	words@tt1991m#@tt1991m#1015.082#1015.3
823	Ну	_	_	_	_	_	_	_	words@tt1991m#@tt1991m#1016.465#1016.745
824	/	_	_	_	_	_	_	_	words@tt1991m#@tt1991m#1016.745#1017.025
825	я	_	_	_	_	_	_	_	words@tt1991m#@tt1991m#1017.025#1017.305
826	был	_	_	_	_	_	_	_	words@tt1991m#@tt1991m#1017.305#1017.585
827	один	_	_	_	_	_	_	_	words@tt1991m#@tt1991m#1017.585#1017.865
828	раз	_	_	_	_	_	_	_	words@tt1991m#@tt1991m#1017.865#1018.145
829	ну	_	_	_	_	_	_	_	words@tt1991m#@tt1991m#1018.145#1018.425
830	не	_	_	_	_	_	_	_	words@tt1991m#@tt1991m#1018.425#1018.705
831	в	_	_	_	_	_	_	_	words@tt1991m#@tt1991m#1018.705#1018.985
832	трусах	_	_	_	_	_	_	_	words@tt1991m#@tt1991m#1018.985#1019.265
833	ну	_	_	_	_	_	_	_	words@tt1991m#@tt1991m#1019.265#1019.545
834	в	_	_	_	_	_	_	_	words@tt1991m#@tt1991m#1019.545#1019.825
835	большинстве	_	_	_	_	_	_	_	words@tt1991m#@tt1991m#1019.825#1020.105
836	эти	_	_	_	_	_	_	_	words@tt1991m#@tt1991m#1020.105#1020.385
837	люди	_	_	_	_	_	_	_	words@tt1991m#@tt1991m#1020.385#1020.665
838	делают	_	_	_	_	_	_	_	words@tt1991m#@tt1991m#1020.665#1020.945
839	как	_	_	_	_	_	_	_	words@tt1991m#@tt1991m#1020.945#1021.225
840	в	_	_	_	_	_	_	_	words@tt1991m#@tt1991m#1021.225#1021.505
841	трусах	_	_	_	_	_	_	_	words@tt1991m#@tt1991m#1021.505#1021.785
842	да	_	_	_	_	_	_	_	words@tt1991m#@tt1991m#1021.785#1022.065
843	как	_	_	_	_	_	_	_	words@tt1991m#@tt1991m#1022.065#1022.345
844	Тупак	_	_	_	_	_	_	_	words@tt1991m#@tt1991m#1022.345#1022.625
845	знаете	_	_	_	_	_	_	_	words@tt1991m#@tt1991m#1022.625#1022.905
846	фотку	_	_	_	_	_	_	_	words@tt1991m#@tt1991m#1022.905#1023.185
847	Тупака	_	_	_	_	_	_	_	words@tt1991m#@tt1991m#1023.185#1023.465
848	знаете	_	_	_	_	_	_	_	words@tt1991m#@tt1991m#1023.465#1023.745
849	где	_	_	_	_	_	_	_	words@tt1991m#@tt1991m#1023.745#1024.025
850	он	_	_	_	_	_	_	_	words@tt1991m#@tt1991m#1024.025#1024.305
851	в	_	_	_	_	_	_	_	words@tt1991m#@tt1991m#1024.305#1024.585
852	трусиках	_	_	_	_	_	_	_	words@tt1991m#@tt1991m#1024.585#1024.865
853	/	_	_	_	_	_	_	_	words@tt1991m#@tt1991m#1024.865#1025.145
854	/	_	_	_	_	_	_	_	words@tt1991m#@tt1991m#1025.145#1025.445
855	Вот	_	_	_	_	_	_	_	words@tt1991m#@tt1991m#1025.535#1025.751
856	типа	_	_	_	_	_	_	_	words@tt1991m#@tt1991m#1025.751#1025.967
857	что-то	_	_	_	_	_	_	_	words@tt1991m#@tt1991m#1025.967#1026.183
858	такое	_	_	_	_	_	_	_	words@tt1991m#@tt1991m#1026.183#1026.399
859	/	_	_	_	_	_	_	_	words@tt1991m#@tt1991m#1026.399#1026.615
860	/	_	_	_	_	_	_	_	words@tt1991m#@tt1991m#1026.615#1026.835
861	Ну	_	_	_	_	_	_	_	words@tt1991m#@tt1991m#1026.875#1027.149
862	это	_	_	_	_	_	_	_	words@tt1991m#@tt1991m#1027.149#1027.423
863	как	_	_	_	_	_	_	_	words@tt1991m#@tt1991m#1027.423#1027.697
864	бы	_	_	_	_	_	_	_	words@tt1991m#@tt1991m#1027.697#1027.971
865	вид	_	_	_	_	_	_	_	words@tt1991m#@tt1991m#1027.971#1028.245
866	выживания	_	_	_	_	_	_	_	words@tt1991m#@tt1991m#1028.245#1028.519
867	/	_	_	_	_	_	_	_	words@tt1991m#@tt1991m#1028.519#1028.793
868	у	_	_	_	_	_	_	_	words@tt1991m#@tt1991m#1028.793#1029.067
869	танцоров	_	_	_	_	_	_	_	words@tt1991m#@tt1991m#1029.067#1029.341
870	/	_	_	_	_	_	_	_	words@tt1991m#@tt1991m#1029.341#1029.615
871	тебе	_	_	_	_	_	_	_	words@tt1991m#@tt1991m#1029.615#1029.889
872	другой	_	_	_	_	_	_	_	words@tt1991m#@tt1991m#1029.889#1030.163
873	возможности	_	_	_	_	_	_	_	words@tt1991m#@tt1991m#1030.163#1030.437
874	нет	_	_	_	_	_	_	_	words@tt1991m#@tt1991m#1030.437#1030.711
875	и	_	_	_	_	_	_	_	words@tt1991m#@tt1991m#1030.711#1030.985
876	ты	_	_	_	_	_	_	_	words@tt1991m#@tt1991m#1030.985#1031.259
877	такой	_	_	_	_	_	_	_	words@tt1991m#@tt1991m#1031.259#1031.533
878	бери	_	_	_	_	_	_	_	words@tt1991m#@tt1991m#1031.533#1031.807
879	это	_	_	_	_	_	_	_	words@tt1991m#@tt1991m#1031.807#1032.081
880	/	_	_	_	_	_	_	_	words@tt1991m#@tt1991m#1032.081#1032.355
881	хочешь	_	_	_	_	_	_	_	words@tt1991m#@tt1991m#1032.355#1032.629
882	такой	_	_	_	_	_	_	_	words@tt1991m#@tt1991m#1032.629#1032.903
883	да	_	_	_	_	_	_	_	words@tt1991m#@tt1991m#1032.903#1033.177
884	нет	_	_	_	_	_	_	_	words@tt1991m#@tt1991m#1033.177#1033.451
885	ну	_	_	_	_	_	_	_	words@tt1991m#@tt1991m#1033.451#1033.725
886	и	_	_	_	_	_	_	_	words@tt1991m#@tt1991m#1033.725#1033.999
887	не	_	_	_	_	_	_	_	words@tt1991m#@tt1991m#1033.999#1034.273
888	будешь	_	_	_	_	_	_	_	words@tt1991m#@tt1991m#1034.273#1034.547
889	кушать	_	_	_	_	_	_	_	words@tt1991m#@tt1991m#1034.547#1034.821
890	/	_	_	_	_	_	_	_	words@tt1991m#@tt1991m#1034.821#1035.095
891	/	_	_	_	_	_	_	_	words@tt1991m#@tt1991m#1035.095#1035.37
892	И	_	_	_	_	_	_	_	words@nr1986m#@nr1986m#658.495#658.7
893	пригласила	_	_	_	_	_	_	_	words@nr1986m#@nr1986m#658.7#658.905
894	приехать	_	_	_	_	_	_	_	words@nr1986m#@nr1986m#658.905#659.11
895	?	_	_	_	_	_	_	_	words@nr1986m#@nr1986m#659.11#659.315
896	/	_	_	_	_	_	_	_	words@nr1986m#@nr1986m#659.315#659.52
897	/	_	_	_	_	_	_	_	words@nr1986m#@nr1986m#659.52#659.725
898	Ваш	_	_	_	_	_	_	_	words@nr1986m#@nr1986m#664.27#664.477
899	первый	_	_	_	_	_	_	_	words@nr1986m#@nr1986m#664.477#664.684
900	приезд	_	_	_	_	_	_	_	words@nr1986m#@nr1986m#664.684#664.891
901	вы	_	_	_	_	_	_	_	words@nr1986m#@nr1986m#664.891#665.098
902	напились	_	_	_	_	_	_	_	words@nr1986m#@nr1986m#665.098#665.305
903	вот	_	_	_	_	_	_	_	words@nr1986m#@nr1986m#665.305#665.512
904	это	_	_	_	_	_	_	_	words@nr1986m#@nr1986m#665.512#665.719
905	то	_	_	_	_	_	_	_	words@nr1986m#@nr1986m#665.719#665.926
906	/	_	_	_	_	_	_	_	words@nr1986m#@nr1986m#665.926#666.133
907	о	_	_	_	_	_	_	_	words@nr1986m#@nr1986m#666.133#666.34
908	чем	_	_	_	_	_	_	_	words@nr1986m#@nr1986m#666.34#666.547
909	ты	_	_	_	_	_	_	_	words@nr1986m#@nr1986m#666.547#666.754
910	рассказывал	_	_	_	_	_	_	_	words@nr1986m#@nr1986m#666.754#666.961
911	/	_	_	_	_	_	_	_	words@nr1986m#@nr1986m#666.961#667.168
912	в	_	_	_	_	_	_	_	words@nr1986m#@nr1986m#667.168#667.375
913	зашкварных	_	_	_	_	_	_	_	words@nr1986m#@nr1986m#667.375#667.582
914	историях	_	_	_	_	_	_	_	words@nr1986m#@nr1986m#667.582#667.789
915	?	_	_	_	_	_	_	_	words@nr1986m#@nr1986m#667.789#667.996
916	/	_	_	_	_	_	_	_	words@nr1986m#@nr1986m#667.996#668.203
917	/	_	_	_	_	_	_	_	words@nr1986m#@nr1986m#668.203#668.42
918	Я	_	_	_	_	_	_	_	words@nr1986m#@nr1986m#735.56#735.83
919	прям	_	_	_	_	_	_	_	words@nr1986m#@nr1986m#735.83#736.1
920	представляю	_	_	_	_	_	_	_	words@nr1986m#@nr1986m#736.1#736.37
921	как	_	_	_	_	_	_	_	words@nr1986m#@nr1986m#736.37#736.64
922	в	_	_	_	_	_	_	_	words@nr1986m#@nr1986m#736.64#736.91
923	этих	_	_	_	_	_	_	_	words@nr1986m#@nr1986m#736.91#737.18
924	домах	_	_	_	_	_	_	_	words@nr1986m#@nr1986m#737.18#737.45
925	/	_	_	_	_	_	_	_	words@nr1986m#@nr1986m#737.45#737.72
926	вот	_	_	_	_	_	_	_	words@nr1986m#@nr1986m#737.72#737.99
927	г...	_	_	_	_	_	_	_	words@nr1986m#@nr1986m#737.99#738.26
928	с	_	_	_	_	_	_	_	words@nr1986m#@nr1986m#738.26#738.53
929	где	_	_	_	_	_	_	_	words@nr1986m#@nr1986m#738.53#738.8
930	Пикачу	_	_	_	_	_	_	_	words@nr1986m#@nr1986m#738.8#739.07
931	нарисован	_	_	_	_	_	_	_	words@nr1986m#@nr1986m#739.07#739.34
932	на	_	_	_	_	_	_	_	words@nr1986m#@nr1986m#739.34#739.61
933	стенах	_	_	_	_	_	_	_	words@nr1986m#@nr1986m#739.61#739.88
934	/	_	_	_	_	_	_	_	words@nr1986m#@nr1986m#739.88#740.15
935	сидят	_	_	_	_	_	_	_	words@nr1986m#@nr1986m#740.15#740.42
936	люди	_	_	_	_	_	_	_	words@nr1986m#@nr1986m#740.42#740.69
937	и	_	_	_	_	_	_	_	words@nr1986m#@nr1986m#740.69#740.96
938	жалятся	_	_	_	_	_	_	_	words@nr1986m#@nr1986m#740.96#741.23
939	себе	_	_	_	_	_	_	_	words@nr1986m#@nr1986m#741.23#741.5
940	в	_	_	_	_	_	_	_	words@nr1986m#@nr1986m#741.5#741.77
941	/	_	_	_	_	_	_	_	words@nr1986m#@nr1986m#741.77#742.04
942	веняки	_	_	_	_	_	_	_	words@nr1986m#@nr1986m#742.04#742.31
943	/	_	_	_	_	_	_	_	words@nr1986m#@nr1986m#742.31#742.58
944	/	_	_	_	_	_	_	_	words@nr1986m#@nr1986m#742.58#742.85
945	Тут	_	_	_	_	_	_	_	words@nr1986m#@nr1986m#757.85#758.022
946	есть	_	_	_	_	_	_	_	words@nr1986m#@nr1986m#758.022#758.194
947	/	_	_	_	_	_	_	_	words@nr1986m#@nr1986m#758.194#758.366
948	твое	_	_	_	_	_	_	_	words@nr1986m#@nr1986m#758.366#758.538
949	граффити	_	_	_	_	_	_	_	words@nr1986m#@nr1986m#758.538#758.71
950	?	_	_	_	_	_	_	_	words@nr1986m#@nr1986m#758.71#758.882
951	/	_	_	_	_	_	_	_	words@nr1986m#@nr1986m#758.882#759.054
952	/	_	_	_	_	_	_	_	words@nr1986m#@nr1986m#759.054#759.23
953	Ты	_	_	_	_	_	_	_	words@nr1986m#@nr1986m#767.03#767.202
954	просто	_	_	_	_	_	_	_	words@nr1986m#@nr1986m#767.202#767.374
955	тэгал	_	_	_	_	_	_	_	words@nr1986m#@nr1986m#767.374#767.546
956	Кэш	_	_	_	_	_	_	_	words@nr1986m#@nr1986m#767.546#767.718
957	?	_	_	_	_	_	_	_	words@nr1986m#@nr1986m#767.718#767.89
958	/	_	_	_	_	_	_	_	words@nr1986m#@nr1986m#767.89#768.062
959	/	_	_	_	_	_	_	_	words@nr1986m#@nr1986m#768.062#768.24
960	Как	_	_	_	_	_	_	_	words@nr1986m#@nr1986m#771.31#771.447
961	ты	_	_	_	_	_	_	_	words@nr1986m#@nr1986m#771.447#771.584
962	себя	_	_	_	_	_	_	_	words@nr1986m#@nr1986m#771.584#771.721
963	называл	_	_	_	_	_	_	_	words@nr1986m#@nr1986m#771.721#771.858
964	?	_	_	_	_	_	_	_	words@nr1986m#@nr1986m#771.858#771.995
965	/	_	_	_	_	_	_	_	words@nr1986m#@nr1986m#771.995#772.132
966	/	_	_	_	_	_	_	_	words@nr1986m#@nr1986m#772.132#772.27
967	Да	_	_	_	_	_	_	_	words@nr1986m#@nr1986m#780.765#780.973
968	/	_	_	_	_	_	_	_	words@nr1986m#@nr1986m#780.973#781.181
969	да-да	_	_	_	_	_	_	_	words@nr1986m#@nr1986m#781.181#781.389
970	/	_	_	_	_	_	_	_	words@nr1986m#@nr1986m#781.389#781.597
971	/	_	_	_	_	_	_	_	words@nr1986m#@nr1986m#781.597#781.805
972	Мне	_	_	_	_	_	_	_	words@nr1986m#@nr1986m#806.576#806.85
973	кажется	_	_	_	_	_	_	_	words@nr1986m#@nr1986m#806.85#807.124
974	/	_	_	_	_	_	_	_	words@nr1986m#@nr1986m#807.124#807.398
975	знаешь	_	_	_	_	_	_	_	words@nr1986m#@nr1986m#807.398#807.672
976	/	_	_	_	_	_	_	_	words@nr1986m#@nr1986m#807.672#807.946
977	было	_	_	_	_	_	_	_	words@nr1986m#@nr1986m#807.946#808.22
978	бы	_	_	_	_	_	_	_	words@nr1986m#@nr1986m#808.22#808.494
979	/	_	_	_	_	_	_	_	words@nr1986m#@nr1986m#808.494#808.768
980	короче	_	_	_	_	_	_	_	words@nr1986m#@nr1986m#808.768#809.042
981	/	_	_	_	_	_	_	_	words@nr1986m#@nr1986m#809.042#809.316
982	офигенно...	_	_	_	_	_	_	_	words@nr1986m#@nr1986m#809.316#809.59
983	офигенный	_	_	_	_	_	_	_	words@nr1986m#@nr1986m#809.59#809.864
984	коллаб	_	_	_	_	_	_	_	words@nr1986m#@nr1986m#809.864#810.138
985	/	_	_	_	_	_	_	_	words@nr1986m#@nr1986m#810.138#810.412
986	ты	_	_	_	_	_	_	_	words@nr1986m#@nr1986m#810.412#810.686
987	/	_	_	_	_	_	_	_	words@nr1986m#@nr1986m#810.686#810.96
988	Киркоров	_	_	_	_	_	_	_	words@nr1986m#@nr1986m#810.96#811.234
989	и	_	_	_	_	_	_	_	words@nr1986m#@nr1986m#811.234#811.508
990	Чарли	_	_	_	_	_	_	_	words@nr1986m#@nr1986m#811.508#811.782
991	ЭксСиИкс	_	_	_	_	_	_	_	words@nr1986m#@nr1986m#811.782#812.056
992	/	_	_	_	_	_	_	_	words@nr1986m#@nr1986m#812.056#812.33
993	/	_	_	_	_	_	_	_	words@nr1986m#@nr1986m#812.33#812.622
994	Серьезно	_	_	_	_	_	_	_	words@nr1986m#@nr1986m#894.077#894.272
995	?	_	_	_	_	_	_	_	words@nr1986m#@nr1986m#894.272#894.467
996	!	_	_	_	_	_	_	_	words@nr1986m#@nr1986m#894.467#894.662
997	/	_	_	_	_	_	_	_	words@nr1986m#@nr1986m#894.662#894.857
998	/	_	_	_	_	_	_	_	words@nr1986m#@nr1986m#894.857#895.055
999	#смех#	_	_	_	_	_	_	_	words@nr1986m#@nr1986m#911.4#912.489
1000	Даже	_	_	_	_	_	_	_	words@nr1986m#@nr1986m#926.977#927.137
1001	травку	_	_	_	_	_	_	_	words@nr1986m#@nr1986m#927.137#927.297
1002	не	_	_	_	_	_	_	_	words@nr1986m#@nr1986m#927.297#927.457
1003	курил	_	_	_	_	_	_	_	words@nr1986m#@nr1986m#927.457#927.617
1004	?	_	_	_	_	_	_	_	words@nr1986m#@nr1986m#927.617#927.777
1005	/	_	_	_	_	_	_	_	words@nr1986m#@nr1986m#927.777#927.937
1006	/	_	_	_	_	_	_	_	words@nr1986m#@nr1986m#927.937#928.099
1007	Ну	_	_	_	_	_	_	_	words@nr1986m#@nr1986m#947.97#948.279
1008	да	_	_	_	_	_	_	_	words@nr1986m#@nr1986m#948.279#948.588
1009	/	_	_	_	_	_	_	_	words@nr1986m#@nr1986m#948.588#948.897
1010	погнали	_	_	_	_	_	_	_	words@nr1986m#@nr1986m#948.897#949.206
1011	/	_	_	_	_	_	_	_	words@nr1986m#@nr1986m#949.206#949.515
1012	/	_	_	_	_	_	_	_	words@nr1986m#@nr1986m#949.515#949.825
1013	А	_	_	_	_	_	_	_	words@nr1986m#@nr1986m#964.49#964.659
1014	родители	_	_	_	_	_	_	_	words@nr1986m#@nr1986m#964.659#964.828
1015	/	_	_	_	_	_	_	_	words@nr1986m#@nr1986m#964.828#964.997
1016	не	_	_	_	_	_	_	_	words@nr1986m#@nr1986m#964.997#965.166
1017	были	_	_	_	_	_	_	_	words@nr1986m#@nr1986m#965.166#965.335
1018	злыми	_	_	_	_	_	_	_	words@nr1986m#@nr1986m#965.335#965.504
1019	на	_	_	_	_	_	_	_	words@nr1986m#@nr1986m#965.504#965.673
1020	тебя	_	_	_	_	_	_	_	words@nr1986m#@nr1986m#965.673#965.842
1021	за	_	_	_	_	_	_	_	words@nr1986m#@nr1986m#965.842#966.011
1022	это	_	_	_	_	_	_	_	words@nr1986m#@nr1986m#966.011#966.18
1023	?	_	_	_	_	_	_	_	words@nr1986m#@nr1986m#966.18#966.349
1024	/	_	_	_	_	_	_	_	words@nr1986m#@nr1986m#966.349#966.518
1025	/	_	_	_	_	_	_	_	words@nr1986m#@nr1986m#966.518#966.69
1026	Респект	_	_	_	_	_	_	_	words@nr1986m#@nr1986m#998.615#998.88
1027	улиц	_	_	_	_	_	_	_	words@nr1986m#@nr1986m#998.88#999.145
1028	ты	_	_	_	_	_	_	_	words@nr1986m#@nr1986m#999.145#999.41
1029	получил	_	_	_	_	_	_	_	words@nr1986m#@nr1986m#999.41#999.675
1030	/	_	_	_	_	_	_	_	words@nr1986m#@nr1986m#999.675#999.94
1031	/	_	_	_	_	_	_	_	words@nr1986m#@nr1986m#999.94#1000.205
1032	А	_	_	_	_	_	_	_	words@nr1986m#@nr1986m#1000.21#1000.547
1033	скажи	_	_	_	_	_	_	_	words@nr1986m#@nr1986m#1000.547#1000.884
1034	/	_	_	_	_	_	_	_	words@nr1986m#@nr1986m#1000.884#1001.221
1035	ты	_	_	_	_	_	_	_	words@nr1986m#@nr1986m#1001.221#1001.558
1036	рассказывал	_	_	_	_	_	_	_	words@nr1986m#@nr1986m#1001.558#1001.895
1037	в	_	_	_	_	_	_	_	words@nr1986m#@nr1986m#1001.895#1002.232
1038	интервью	_	_	_	_	_	_	_	words@nr1986m#@nr1986m#1002.232#1002.569
1039	что	_	_	_	_	_	_	_	words@nr1986m#@nr1986m#1002.569#1002.906
1040	ты	_	_	_	_	_	_	_	words@nr1986m#@nr1986m#1002.906#1003.243
1041	работал	_	_	_	_	_	_	_	words@nr1986m#@nr1986m#1003.243#1003.58
1042	на	_	_	_	_	_	_	_	words@nr1986m#@nr1986m#1003.58#1003.917
1043	подтанцовке	_	_	_	_	_	_	_	words@nr1986m#@nr1986m#1003.917#1004.254
1044	у	_	_	_	_	_	_	_	words@nr1986m#@nr1986m#1004.254#1004.591
1045	каких-то	_	_	_	_	_	_	_	words@nr1986m#@nr1986m#1004.591#1004.928
1046	местных	_	_	_	_	_	_	_	words@nr1986m#@nr1986m#1004.928#1005.265
1047	шансон-исполнителей	_	_	_	_	_	_	_	words@nr1986m#@nr1986m#1005.265#1005.602
1048	?	_	_	_	_	_	_	_	words@nr1986m#@nr1986m#1005.602#1005.939
1049	/	_	_	_	_	_	_	_	words@nr1986m#@nr1986m#1005.939#1006.276
1050	/	_	_	_	_	_	_	_	words@nr1986m#@nr1986m#1006.276#1006.62
1051	Как	_	_	_	_	_	_	_	words@vt1986m#@vt1986m#653.93#654.13
1052	случилось	_	_	_	_	_	_	_	words@vt1986m#@vt1986m#654.13#654.33
1053	ваше	_	_	_	_	_	_	_	words@vt1986m#@vt1986m#654.33#654.53
1054	знакомство	_	_	_	_	_	_	_	words@vt1986m#@vt1986m#654.53#654.73
1055	с	_	_	_	_	_	_	_	words@vt1986m#@vt1986m#654.73#654.93
1056	Ильичом	_	_	_	_	_	_	_	words@vt1986m#@vt1986m#654.93#655.13
1057	?	_	_	_	_	_	_	_	words@vt1986m#@vt1986m#655.13#655.33
1058	/	_	_	_	_	_	_	_	words@vt1986m#@vt1986m#655.33#655.53
1059	/	_	_	_	_	_	_	_	words@vt1986m#@vt1986m#655.53#655.73
1060	А	_	_	_	_	_	_	_	words@vt1986m#@vt1986m#669.095#669.278
1061	ты	_	_	_	_	_	_	_	words@vt1986m#@vt1986m#669.278#669.461
1062	реально	_	_	_	_	_	_	_	words@vt1986m#@vt1986m#669.461#669.644
1063	не	_	_	_	_	_	_	_	words@vt1986m#@vt1986m#669.644#669.827
1064	понял...	_	_	_	_	_	_	_	words@vt1986m#@vt1986m#669.827#670.01
1065	не	_	_	_	_	_	_	_	words@vt1986m#@vt1986m#670.01#670.193
1066	помнил	_	_	_	_	_	_	_	words@vt1986m#@vt1986m#670.193#670.376
1067	как	_	_	_	_	_	_	_	words@vt1986m#@vt1986m#670.376#670.559
1068	ты	_	_	_	_	_	_	_	words@vt1986m#@vt1986m#670.559#670.742
1069	добрался	_	_	_	_	_	_	_	words@vt1986m#@vt1986m#670.742#670.925
1070	до	_	_	_	_	_	_	_	words@vt1986m#@vt1986m#670.925#671.108
1071	дома	_	_	_	_	_	_	_	words@vt1986m#@vt1986m#671.108#671.291
1072	?	_	_	_	_	_	_	_	words@vt1986m#@vt1986m#671.291#671.474
1073	/	_	_	_	_	_	_	_	words@vt1986m#@vt1986m#671.474#671.657
1074	/	_	_	_	_	_	_	_	words@vt1986m#@vt1986m#671.657#671.845
1075	Ну	_	_	_	_	_	_	_	words@vt1986m#@vt1986m#682.195#682.431
1076	получается	_	_	_	_	_	_	_	words@vt1986m#@vt1986m#682.431#682.667
1077	наверное	_	_	_	_	_	_	_	words@vt1986m#@vt1986m#682.667#682.903
1078	пили	_	_	_	_	_	_	_	words@vt1986m#@vt1986m#682.903#683.139
1079	всю	_	_	_	_	_	_	_	words@vt1986m#@vt1986m#683.139#683.375
1080	ночь	_	_	_	_	_	_	_	words@vt1986m#@vt1986m#683.375#683.611
1081	/	_	_	_	_	_	_	_	words@vt1986m#@vt1986m#683.611#683.847
1082	за	_	_	_	_	_	_	_	words@vt1986m#@vt1986m#683.847#684.083
1083	знакомство	_	_	_	_	_	_	_	words@vt1986m#@vt1986m#684.083#684.319
1084	/	_	_	_	_	_	_	_	words@vt1986m#@vt1986m#684.319#684.555
1085	/	_	_	_	_	_	_	_	words@vt1986m#@vt1986m#684.555#684.8
1086	Скока	_	_	_	_	_	_	_	words@vt1986m#@vt1986m#706.93#707.04
1087	?	_	_	_	_	_	_	_	words@vt1986m#@vt1986m#707.04#707.15
1088	/	_	_	_	_	_	_	_	words@vt1986m#@vt1986m#707.15#707.26
1089	/	_	_	_	_	_	_	_	words@vt1986m#@vt1986m#707.26#707.37
1090	Реально	_	_	_	_	_	_	_	words@vt1986m#@vt1986m#711.48#711.696
1091	очень	_	_	_	_	_	_	_	words@vt1986m#@vt1986m#711.696#711.912
1092	жутко	_	_	_	_	_	_	_	words@vt1986m#@vt1986m#711.912#712.128
1093	выглядит	_	_	_	_	_	_	_	words@vt1986m#@vt1986m#712.128#712.344
1094	/	_	_	_	_	_	_	_	words@vt1986m#@vt1986m#712.344#712.56
1095	похоже	_	_	_	_	_	_	_	words@vt1986m#@vt1986m#712.56#712.776
1096	/	_	_	_	_	_	_	_	words@vt1986m#@vt1986m#712.776#712.992
1097	на	_	_	_	_	_	_	_	words@vt1986m#@vt1986m#712.992#713.208
1098	Silent	_	_	_	_	_	_	_	words@vt1986m#@vt1986m#713.208#713.424
1099	Hill	_	_	_	_	_	_	_	words@vt1986m#@vt1986m#713.424#713.64
1100	какой-то	_	_	_	_	_	_	_	words@vt1986m#@vt1986m#713.64#713.856
1101	/	_	_	_	_	_	_	_	words@vt1986m#@vt1986m#713.856#714.072
1102	/	_	_	_	_	_	_	_	words@vt1986m#@vt1986m#714.072#714.3
1103	Тут	_	_	_	_	_	_	_	words@vt1986m#@vt1986m#729.47#729.74
1104	/	_	_	_	_	_	_	_	words@vt1986m#@vt1986m#729.74#730.01
1105	прям	_	_	_	_	_	_	_	words@vt1986m#@vt1986m#730.01#730.28
1106	/	_	_	_	_	_	_	_	words@vt1986m#@vt1986m#730.28#730.55
1107	продавали	_	_	_	_	_	_	_	words@vt1986m#@vt1986m#730.55#730.82
1108	героин	_	_	_	_	_	_	_	words@vt1986m#@vt1986m#730.82#731.09
1109	/	_	_	_	_	_	_	_	words@vt1986m#@vt1986m#731.09#731.36
1110	сидели	_	_	_	_	_	_	_	words@vt1986m#@vt1986m#731.36#731.63
1111	барыги	_	_	_	_	_	_	_	words@vt1986m#@vt1986m#731.63#731.9
1112	/	_	_	_	_	_	_	_	words@vt1986m#@vt1986m#731.9#732.17
1113	и	_	_	_	_	_	_	_	words@vt1986m#@vt1986m#732.17#732.44
1114	приезжали	_	_	_	_	_	_	_	words@vt1986m#@vt1986m#732.44#732.71
1115	толпы	_	_	_	_	_	_	_	words@vt1986m#@vt1986m#732.71#732.98
1116	местных	_	_	_	_	_	_	_	words@vt1986m#@vt1986m#732.98#733.25
1117	наркоманов	_	_	_	_	_	_	_	words@vt1986m#@vt1986m#733.25#733.52
1118	?	_	_	_	_	_	_	_	words@vt1986m#@vt1986m#733.52#733.79
1119	/	_	_	_	_	_	_	_	words@vt1986m#@vt1986m#733.79#734.06
1120	/	_	_	_	_	_	_	_	words@vt1986m#@vt1986m#734.06#734.33
1121	Ты	_	_	_	_	_	_	_	words@vt1986m#@vt1986m#745.04#745.181
1122	жил	_	_	_	_	_	_	_	words@vt1986m#@vt1986m#745.181#745.322
1123	/	_	_	_	_	_	_	_	words@vt1986m#@vt1986m#745.322#745.463
1124	в	_	_	_	_	_	_	_	words@vt1986m#@vt1986m#745.463#745.604
1125	одном	_	_	_	_	_	_	_	words@vt1986m#@vt1986m#745.604#745.745
1126	из	_	_	_	_	_	_	_	words@vt1986m#@vt1986m#745.745#745.886
1127	этих	_	_	_	_	_	_	_	words@vt1986m#@vt1986m#745.886#746.027
1128	домов	_	_	_	_	_	_	_	words@vt1986m#@vt1986m#746.027#746.168
1129	?	_	_	_	_	_	_	_	words@vt1986m#@vt1986m#746.168#746.309
1130	/	_	_	_	_	_	_	_	words@vt1986m#@vt1986m#746.309#746.45
1131	/	_	_	_	_	_	_	_	words@vt1986m#@vt1986m#746.45#746.6
1132	В	_	_	_	_	_	_	_	words@vt1986m#@vt1986m#782.865#783.212
1133	перерывах	_	_	_	_	_	_	_	words@vt1986m#@vt1986m#783.212#783.559
1134	между	_	_	_	_	_	_	_	words@vt1986m#@vt1986m#783.559#783.906
1135	играми	_	_	_	_	_	_	_	words@vt1986m#@vt1986m#783.906#784.253
1136	смотрел	_	_	_	_	_	_	_	words@vt1986m#@vt1986m#784.253#784.6
1137	/	_	_	_	_	_	_	_	words@vt1986m#@vt1986m#784.6#784.947
1138	а	_	_	_	_	_	_	_	words@vt1986m#@vt1986m#784.947#785.294
1139	/	_	_	_	_	_	_	_	words@vt1986m#@vt1986m#785.294#785.641
1140	клипы	_	_	_	_	_	_	_	words@vt1986m#@vt1986m#785.641#785.988
1141	Киркорова	_	_	_	_	_	_	_	words@vt1986m#@vt1986m#785.988#786.335
1142	/	_	_	_	_	_	_	_	words@vt1986m#@vt1986m#786.335#786.682
1143	выступления	_	_	_	_	_	_	_	words@vt1986m#@vt1986m#786.682#787.029
1144	там	_	_	_	_	_	_	_	words@vt1986m#@vt1986m#787.029#787.376
1145	/	_	_	_	_	_	_	_	words@vt1986m#@vt1986m#787.376#787.723
1146	Куклачева	_	_	_	_	_	_	_	words@vt1986m#@vt1986m#787.723#788.07
1147	/	_	_	_	_	_	_	_	words@vt1986m#@vt1986m#788.07#788.417
1148	/	_	_	_	_	_	_	_	words@vt1986m#@vt1986m#788.417#788.78
1149	С	_	_	_	_	_	_	_	words@vt1986m#@vt1986m#792.227#792.507
1150	ружьем	_	_	_	_	_	_	_	words@vt1986m#@vt1986m#792.507#792.787
1151	такой	_	_	_	_	_	_	_	words@vt1986m#@vt1986m#792.787#793.067
1152	/	_	_	_	_	_	_	_	words@vt1986m#@vt1986m#793.067#793.347
1153	#нрзб#	_	_	_	_	_	_	_	words@vt1986m#@vt1986m#793.347#793.627
1154	/	_	_	_	_	_	_	_	words@vt1986m#@vt1986m#793.627#793.907
1155	#смех#	_	_	_	_	_	_	_	words@vt1986m#@vt1986m#793.907#794.187
1156	/	_	_	_	_	_	_	_	words@vt1986m#@vt1986m#794.187#794.467
1157	/	_	_	_	_	_	_	_	words@vt1986m#@vt1986m#794.467#794.747
1158	Ты	_	_	_	_	_	_	_	words@vt1986m#@vt1986m#801.437#801.595
1159	бы	_	_	_	_	_	_	_	words@vt1986m#@vt1986m#801.595#801.753
1160	заколлабился	_	_	_	_	_	_	_	words@vt1986m#@vt1986m#801.753#801.911
1161	?	_	_	_	_	_	_	_	words@vt1986m#@vt1986m#801.911#802.069
1162	/	_	_	_	_	_	_	_	words@vt1986m#@vt1986m#802.069#802.227
1163	/	_	_	_	_	_	_	_	words@vt1986m#@vt1986m#802.227#802.387
1164	Расскажи	_	_	_	_	_	_	_	words@vt1986m#@vt1986m#816.812#817.062
1165	о	_	_	_	_	_	_	_	words@vt1986m#@vt1986m#817.062#817.312
1166	своей	_	_	_	_	_	_	_	words@vt1986m#@vt1986m#817.312#817.562
1167	семье	_	_	_	_	_	_	_	words@vt1986m#@vt1986m#817.562#817.812
1168	/	_	_	_	_	_	_	_	words@vt1986m#@vt1986m#817.812#818.062
1169	чем	_	_	_	_	_	_	_	words@vt1986m#@vt1986m#818.062#818.312
1170	занимались	_	_	_	_	_	_	_	words@vt1986m#@vt1986m#818.312#818.562
1171	твои	_	_	_	_	_	_	_	words@vt1986m#@vt1986m#818.562#818.812
1172	родители	_	_	_	_	_	_	_	words@vt1986m#@vt1986m#818.812#819.062
1173	?	_	_	_	_	_	_	_	words@vt1986m#@vt1986m#819.062#819.312
1174	/	_	_	_	_	_	_	_	words@vt1986m#@vt1986m#819.312#819.562
1175	/	_	_	_	_	_	_	_	words@vt1986m#@vt1986m#819.562#819.823
1176	Легко	_	_	_	_	_	_	_	words@vt1986m#@vt1986m#826.783#826.999
1177	ли	_	_	_	_	_	_	_	words@vt1986m#@vt1986m#826.999#827.215
1178	они	_	_	_	_	_	_	_	words@vt1986m#@vt1986m#827.215#827.431
1179	приняли	_	_	_	_	_	_	_	words@vt1986m#@vt1986m#827.431#827.647
1180	твой	_	_	_	_	_	_	_	words@vt1986m#@vt1986m#827.647#827.863
1181	выбор	_	_	_	_	_	_	_	words@vt1986m#@vt1986m#827.863#828.079
1182	?	_	_	_	_	_	_	_	words@vt1986m#@vt1986m#828.079#828.295
1183	/	_	_	_	_	_	_	_	words@vt1986m#@vt1986m#828.295#828.511
1184	/	_	_	_	_	_	_	_	words@vt1986m#@vt1986m#828.511#828.727
1185	Мне	_	_	_	_	_	_	_	words@vt1986m#@vt1986m#829.674#829.978
1186	интересно	_	_	_	_	_	_	_	words@vt1986m#@vt1986m#829.978#830.282
1187	просто	_	_	_	_	_	_	_	words@vt1986m#@vt1986m#830.282#830.586
1188	/	_	_	_	_	_	_	_	words@vt1986m#@vt1986m#830.586#830.89
1189	например	_	_	_	_	_	_	_	words@vt1986m#@vt1986m#830.89#831.194
1190	твоя	_	_	_	_	_	_	_	words@vt1986m#@vt1986m#831.194#831.498
1191	мама	_	_	_	_	_	_	_	words@vt1986m#@vt1986m#831.498#831.802
1192	смотрит	_	_	_	_	_	_	_	words@vt1986m#@vt1986m#831.802#832.106
1193	клип	_	_	_	_	_	_	_	words@vt1986m#@vt1986m#832.106#832.41
1194	где	_	_	_	_	_	_	_	words@vt1986m#@vt1986m#832.41#832.714
1195	из	_	_	_	_	_	_	_	words@vt1986m#@vt1986m#832.714#833.018
1196	вагины	_	_	_	_	_	_	_	words@vt1986m#@vt1986m#833.018#833.322
1197	твое	_	_	_	_	_	_	_	words@vt1986m#@vt1986m#833.322#833.626
1198	лицо	_	_	_	_	_	_	_	words@vt1986m#@vt1986m#833.626#833.93
1199	/	_	_	_	_	_	_	_	words@vt1986m#@vt1986m#833.93#834.234
1200	и	_	_	_	_	_	_	_	words@vt1986m#@vt1986m#834.234#834.538
1201	она	_	_	_	_	_	_	_	words@vt1986m#@vt1986m#834.538#834.842
1202	не	_	_	_	_	_	_	_	words@vt1986m#@vt1986m#834.842#835.146
1203	говорила	_	_	_	_	_	_	_	words@vt1986m#@vt1986m#835.146#835.45
1204	тебе	_	_	_	_	_	_	_	words@vt1986m#@vt1986m#835.45#835.754
1205	/	_	_	_	_	_	_	_	words@vt1986m#@vt1986m#835.754#836.058
1206	Томми	_	_	_	_	_	_	_	words@vt1986m#@vt1986m#836.058#836.362
1207	ну	_	_	_	_	_	_	_	words@vt1986m#@vt1986m#836.362#836.666
1208	/	_	_	_	_	_	_	_	words@vt1986m#@vt1986m#836.666#836.97
1209	ну	_	_	_	_	_	_	_	words@vt1986m#@vt1986m#836.97#837.274
1210	/	_	_	_	_	_	_	_	words@vt1986m#@vt1986m#837.274#837.578
1211	/	_	_	_	_	_	_	_	words@vt1986m#@vt1986m#837.578#837.9
1212	У	_	_	_	_	_	_	_	words@vt1986m#@vt1986m#853.621#853.827
1213	тебя	_	_	_	_	_	_	_	words@vt1986m#@vt1986m#853.827#854.033
1214	были	_	_	_	_	_	_	_	words@vt1986m#@vt1986m#854.033#854.239
1215	в	_	_	_	_	_	_	_	words@vt1986m#@vt1986m#854.239#854.445
1216	детстве	_	_	_	_	_	_	_	words@vt1986m#@vt1986m#854.445#854.651
1217	случаи	_	_	_	_	_	_	_	words@vt1986m#@vt1986m#854.651#854.857
1218	когда	_	_	_	_	_	_	_	words@vt1986m#@vt1986m#854.857#855.063
1219	прям	_	_	_	_	_	_	_	words@vt1986m#@vt1986m#855.063#855.269
1220	до	_	_	_	_	_	_	_	words@vt1986m#@vt1986m#855.269#855.475
1221	тебя	_	_	_	_	_	_	_	words@vt1986m#@vt1986m#855.475#855.681
1222	/	_	_	_	_	_	_	_	words@vt1986m#@vt1986m#855.681#855.887
1223	торчки	_	_	_	_	_	_	_	words@vt1986m#@vt1986m#855.887#856.093
1224	/	_	_	_	_	_	_	_	words@vt1986m#@vt1986m#856.093#856.299
1225	докапывались	_	_	_	_	_	_	_	words@vt1986m#@vt1986m#856.299#856.505
1226	?	_	_	_	_	_	_	_	words@vt1986m#@vt1986m#856.505#856.711
1227	/	_	_	_	_	_	_	_	words@vt1986m#@vt1986m#856.711#856.917
1228	/	_	_	_	_	_	_	_	words@vt1986m#@vt1986m#856.917#857.133
1229	Как	_	_	_	_	_	_	_	words@vt1986m#@vt1986m#883.576#883.858
1230	у	_	_	_	_	_	_	_	words@vt1986m#@vt1986m#883.858#884.14
1231	нас	_	_	_	_	_	_	_	words@vt1986m#@vt1986m#884.14#884.422
1232	говорили	_	_	_	_	_	_	_	words@vt1986m#@vt1986m#884.422#884.704
1233	на	_	_	_	_	_	_	_	words@vt1986m#@vt1986m#884.704#884.986
1234	районе	_	_	_	_	_	_	_	words@vt1986m#@vt1986m#884.986#885.268
1235	/	_	_	_	_	_	_	_	words@vt1986m#@vt1986m#885.268#885.55
1236	ааа	_	_	_	_	_	_	_	words@vt1986m#@vt1986m#885.55#885.832
1237	/	_	_	_	_	_	_	_	words@vt1986m#@vt1986m#885.832#886.114
1238	если	_	_	_	_	_	_	_	words@vt1986m#@vt1986m#886.114#886.396
1239	найду	_	_	_	_	_	_	_	words@vt1986m#@vt1986m#886.396#886.678
1240	ебало	_	_	_	_	_	_	_	words@vt1986m#@vt1986m#886.678#886.96
1241	бью	_	_	_	_	_	_	_	words@vt1986m#@vt1986m#886.96#887.242
1242	#смех#	_	_	_	_	_	_	_	words@vt1986m#@vt1986m#887.242#887.524
1243	/	_	_	_	_	_	_	_	words@vt1986m#@vt1986m#887.524#887.806
1244	/	_	_	_	_	_	_	_	words@vt1986m#@vt1986m#887.806#888.099
1245	На	_	_	_	_	_	_	_	words@vt1986m#@vt1986m#910.427#910.763
1246	другое	_	_	_	_	_	_	_	words@vt1986m#@vt1986m#910.763#911.099
1247	например	_	_	_	_	_	_	_	words@vt1986m#@vt1986m#911.099#911.435
1248	#смех#	_	_	_	_	_	_	_	words@vt1986m#@vt1986m#911.435#911.771
1249	/	_	_	_	_	_	_	_	words@vt1986m#@vt1986m#911.771#912.107
1250	/	_	_	_	_	_	_	_	words@vt1986m#@vt1986m#912.107#912.444
1251	На	_	_	_	_	_	_	_	words@vt1986m#@vt1986m#912.72#912.881
1252	героин	_	_	_	_	_	_	_	words@vt1986m#@vt1986m#912.881#913.042
1253	/	_	_	_	_	_	_	_	words@vt1986m#@vt1986m#913.042#913.203
1254	/	_	_	_	_	_	_	_	words@vt1986m#@vt1986m#913.203#913.364
1255	Тебя	_	_	_	_	_	_	_	words@vt1986m#@vt1986m#917.233#917.485
1256	вот	_	_	_	_	_	_	_	words@vt1986m#@vt1986m#917.485#917.737
1257	тема	_	_	_	_	_	_	_	words@vt1986m#@vt1986m#917.737#917.989
1258	наркотиков	_	_	_	_	_	_	_	words@vt1986m#@vt1986m#917.989#918.241
1259	никогда	_	_	_	_	_	_	_	words@vt1986m#@vt1986m#918.241#918.493
1260	не	_	_	_	_	_	_	_	words@vt1986m#@vt1986m#918.493#918.745
1261	касалась	_	_	_	_	_	_	_	words@vt1986m#@vt1986m#918.745#918.997
1262	?	_	_	_	_	_	_	_	words@vt1986m#@vt1986m#918.997#919.249
1263	/	_	_	_	_	_	_	_	words@vt1986m#@vt1986m#919.249#919.501
1264	/	_	_	_	_	_	_	_	words@vt1986m#@vt1986m#919.501#919.756
1265	То	_	_	_	_	_	_	_	words@vt1986m#@vt1986m#921.321#921.516
1266	есть	_	_	_	_	_	_	_	words@vt1986m#@vt1986m#921.516#921.711
1267	как-то	_	_	_	_	_	_	_	words@vt1986m#@vt1986m#921.711#921.906
1268	/	_	_	_	_	_	_	_	words@vt1986m#@vt1986m#921.906#922.101
1269	удержался	_	_	_	_	_	_	_	words@vt1986m#@vt1986m#922.101#922.296
1270	?	_	_	_	_	_	_	_	words@vt1986m#@vt1986m#922.296#922.491
1271	/	_	_	_	_	_	_	_	words@vt1986m#@vt1986m#922.491#922.686
1272	/	_	_	_	_	_	_	_	words@vt1986m#@vt1986m#922.686#922.888
1273	Ну	_	_	_	_	_	_	_	words@vt1986m#@vt1986m#940.894#941.139
1274	я	_	_	_	_	_	_	_	words@vt1986m#@vt1986m#941.139#941.384
1275	как	_	_	_	_	_	_	_	words@vt1986m#@vt1986m#941.384#941.629
1276	неженатый	_	_	_	_	_	_	_	words@vt1986m#@vt1986m#941.629#941.874
1277	человек	_	_	_	_	_	_	_	words@vt1986m#@vt1986m#941.874#942.119
1278	вот	_	_	_	_	_	_	_	words@vt1986m#@vt1986m#942.119#942.364
1279	без	_	_	_	_	_	_	_	words@vt1986m#@vt1986m#942.364#942.609
1280	секса	_	_	_	_	_	_	_	words@vt1986m#@vt1986m#942.609#942.854
1281	живу	_	_	_	_	_	_	_	words@vt1986m#@vt1986m#942.854#943.099
1282	/	_	_	_	_	_	_	_	words@vt1986m#@vt1986m#943.099#943.344
1283	/	_	_	_	_	_	_	_	words@vt1986m#@vt1986m#943.344#943.594
1284	Ну	_	_	_	_	_	_	_	words@vt1986m#@vt1986m#947.97#948.235
1285	дай	_	_	_	_	_	_	_	words@vt1986m#@vt1986m#948.235#948.5
1286	/	_	_	_	_	_	_	_	words@vt1986m#@vt1986m#948.5#948.765
1287	кулачок	_	_	_	_	_	_	_	words@vt1986m#@vt1986m#948.765#949.03
1288	тогда	_	_	_	_	_	_	_	words@vt1986m#@vt1986m#949.03#949.295
1289	/	_	_	_	_	_	_	_	words@vt1986m#@vt1986m#949.295#949.56
1290	/	_	_	_	_	_	_	_	words@vt1986m#@vt1986m#949.56#949.825
1291	Почему	_	_	_	_	_	_	_	words@vt1986m#@vt1986m#954.29#954.427
1292	?	_	_	_	_	_	_	_	words@vt1986m#@vt1986m#954.427#954.564
1293	/	_	_	_	_	_	_	_	words@vt1986m#@vt1986m#954.564#954.701
1294	/	_	_	_	_	_	_	_	words@vt1986m#@vt1986m#954.701#954.84
1295	Положил	_	_	_	_	_	_	_	words@vt1986m#@vt1986m#957.54#957.742
1296	болт	_	_	_	_	_	_	_	words@vt1986m#@vt1986m#957.742#957.944
1297	на	_	_	_	_	_	_	_	words@vt1986m#@vt1986m#957.944#958.146
1298	учебу	_	_	_	_	_	_	_	words@vt1986m#@vt1986m#958.146#958.348
1299	?	_	_	_	_	_	_	_	words@vt1986m#@vt1986m#958.348#958.55
1300	/	_	_	_	_	_	_	_	words@vt1986m#@vt1986m#958.55#958.752
1301	/	_	_	_	_	_	_	_	words@vt1986m#@vt1986m#958.752#958.96
1302	Почему	_	_	_	_	_	_	_	words@vt1986m#@vt1986m#959.845#960.062
1303	?	_	_	_	_	_	_	_	words@vt1986m#@vt1986m#960.062#960.279
1304	/	_	_	_	_	_	_	_	words@vt1986m#@vt1986m#960.279#960.496
1305	/	_	_	_	_	_	_	_	words@vt1986m#@vt1986m#960.496#960.715
1306	#смех#	_	_	_	_	_	_	_	words@vt1986m#@vt1986m#967.27#968.67
1307	А	_	_	_	_	_	_	_	words@vt1986m#@vt1986m#975.415#975.577
1308	это	_	_	_	_	_	_	_	words@vt1986m#@vt1986m#975.577#975.739
1309	была	_	_	_	_	_	_	_	words@vt1986m#@vt1986m#975.739#975.901
1310	старшая	_	_	_	_	_	_	_	words@vt1986m#@vt1986m#975.901#976.063
1311	подруга	_	_	_	_	_	_	_	words@vt1986m#@vt1986m#976.063#976.225
1312	?	_	_	_	_	_	_	_	words@vt1986m#@vt1986m#976.225#976.387
1313	/	_	_	_	_	_	_	_	words@vt1986m#@vt1986m#976.387#976.549
1314	/	_	_	_	_	_	_	_	words@vt1986m#@vt1986m#976.549#976.715
1315	Как	_	_	_	_	_	_	_	words@vt1986m#@vt1986m#981.17#981.414
1316	ты	_	_	_	_	_	_	_	words@vt1986m#@vt1986m#981.414#981.658
1317	ее	_	_	_	_	_	_	_	words@vt1986m#@vt1986m#981.658#981.902
1318	смог	_	_	_	_	_	_	_	words@vt1986m#@vt1986m#981.902#982.146
1319	/	_	_	_	_	_	_	_	words@vt1986m#@vt1986m#982.146#982.39
1320	захомутать	_	_	_	_	_	_	_	words@vt1986m#@vt1986m#982.39#982.634
1321	?	_	_	_	_	_	_	_	words@vt1986m#@vt1986m#982.634#982.878
1322	/	_	_	_	_	_	_	_	words@vt1986m#@vt1986m#982.878#983.122
1323	/	_	_	_	_	_	_	_	words@vt1986m#@vt1986m#983.122#983.37
1324	А	_	_	_	_	_	_	_	words@vt1986m#@vt1986m#985.85#986.051
1325	/	_	_	_	_	_	_	_	words@vt1986m#@vt1986m#986.051#986.252
1326	ты	_	_	_	_	_	_	_	words@vt1986m#@vt1986m#986.252#986.453
1327	уже	_	_	_	_	_	_	_	words@vt1986m#@vt1986m#986.453#986.654
1328	тогда	_	_	_	_	_	_	_	words@vt1986m#@vt1986m#986.654#986.855
1329	преподавал	_	_	_	_	_	_	_	words@vt1986m#@vt1986m#986.855#987.056
1330	?	_	_	_	_	_	_	_	words@vt1986m#@vt1986m#987.056#987.257
1331	/	_	_	_	_	_	_	_	words@vt1986m#@vt1986m#987.257#987.458
1332	/	_	_	_	_	_	_	_	words@vt1986m#@vt1986m#987.458#987.66
1333	Подожди	_	_	_	_	_	_	_	words@vt1986m#@vt1986m#990.79#991.094
1334	тебе	_	_	_	_	_	_	_	words@vt1986m#@vt1986m#991.094#991.398
1335	то	_	_	_	_	_	_	_	words@vt1986m#@vt1986m#991.398#991.702
1336	есть	_	_	_	_	_	_	_	words@vt1986m#@vt1986m#991.702#992.006
1337	тебе	_	_	_	_	_	_	_	words@vt1986m#@vt1986m#992.006#992.31
1338	шестнадцать	_	_	_	_	_	_	_	words@vt1986m#@vt1986m#992.31#992.614
1339	и	_	_	_	_	_	_	_	words@vt1986m#@vt1986m#992.614#992.918
1340	ты	_	_	_	_	_	_	_	words@vt1986m#@vt1986m#992.918#993.222
1341	замутил	_	_	_	_	_	_	_	words@vt1986m#@vt1986m#993.222#993.526
1342	с	_	_	_	_	_	_	_	words@vt1986m#@vt1986m#993.526#993.83
1343	двадцатипятилетней	_	_	_	_	_	_	_	words@vt1986m#@vt1986m#993.83#994.134
1344	чикой	_	_	_	_	_	_	_	words@vt1986m#@vt1986m#994.134#994.438
1345	?	_	_	_	_	_	_	_	words@vt1986m#@vt1986m#994.438#994.742
1346	/	_	_	_	_	_	_	_	words@vt1986m#@vt1986m#994.742#995.046
1347	/	_	_	_	_	_	_	_	words@vt1986m#@vt1986m#995.046#995.36
1348	Красавчик	_	_	_	_	_	_	_	words@vt1986m#@vt1986m#995.935#996.155
1349	/	_	_	_	_	_	_	_	words@vt1986m#@vt1986m#996.155#996.375
1350	/	_	_	_	_	_	_	_	words@vt1986m#@vt1986m#996.375#996.595
1351	Ты	_	_	_	_	_	_	_	words@vt1986m#@vt1986m#1015.31#1015.462
1352	в	_	_	_	_	_	_	_	words@vt1986m#@vt1986m#1015.462#1015.614
1353	трусах	_	_	_	_	_	_	_	words@vt1986m#@vt1986m#1015.614#1015.766
1354	танцуешь	_	_	_	_	_	_	_	words@vt1986m#@vt1986m#1015.766#1015.918
1355	?	_	_	_	_	_	_	_	words@vt1986m#@vt1986m#1015.918#1016.07
1356	/	_	_	_	_	_	_	_	words@vt1986m#@vt1986m#1016.07#1016.222
1357	/	_	_	_	_	_	_	_	words@vt1986m#@vt1986m#1016.222#1016.38